ClientID,CollateralID,LoanClass,Type,Exposure,ExposureCCY,LGD,Rating,Maturity
NMPIZJJAPD,86RSJJDDVKKV,Mortgage,Fix,914459.48,CHF,0.32,BBB+,31.12.2043
NMPIZJJAPD,86RSJJDDVKKV,Mortgage,Fix,258452.17,CHF,0.32,A,31.12.2046
OLQPPBJRVT,84ZXLYPOTIGW,Mortgage,Rollover,986583.48,CHF,0.26,A-,31.08.2025
AYTAPVVUWU,84ZXLYPOTIGW,Mortgage,Rollover,2663885.63,CHF,0.24,A+,28.02.2026
OLQPPBJRVT,84ZXLYPOTIGW,Mortgage,Fix,14384.06,CHF,0.34,A+,31.12.2031
CRCFLKITAO,79ZFBKNGOZRW,Mortgage,Rollover,264378.45,CHF,0.23,AAA,31.12.2025
IOWQKMFWEG,83LVPBODCOEP,Mortgage,Fix,1692821.18,CHF,0.26,A-,31.12.2034
XHTPVRNCHP,67NBVAMMXOHZ,Mortgage,Rollover,627847,CHF,0.26,A-,31.07.2025
NWSIFCEIYJ,75SIHBGFTZFX,Mortgage,Fix,502429.49,CHF,0.34,A-,31.12.2025
HXCYENHZYK,65YNXRMEPRRO,Mortgage,Rollover,1530937.37,CHF,0.22,A,31.07.2025
ZDBXMRGRNC,70YDQFFCMZFT,Mortgage,Fix,1020729.24,CHF,0.26,AA,31.12.2040
IATPLUYKNM,66YKCCXZHOPQ,Mortgage,Rollover,415843.73,CHF,0.31,A,31.12.2025
RMGMAFLJTB,87SCXMTQEOPW,Mortgage,Rollover,1211850.51,CHF,0.26,AA,30.04.2026
EJAEMZWYJA,75HPVXEEJAAL,Mortgage,Rollover,366953.71,CHF,0.24,AA,31.12.2025
ZLSJYCUQYZ,76EKMNVLAATI,Mortgage,Fix,423053.86,CHF,0.34,A+,31.12.2028
ZPDCZGIUSI,83YCZQHMJACU,Mortgage,Rollover,645549.37,CHF,0.17,A-,31.12.2025
UXYDICLEDG,85BTVQBGJKPU,Mortgage,Rollover,2991895.54,CHF,0.26,BBB-,31.03.2026
UBHNDTRWTO,83BYGPQVHPFN,Mortgage,Rollover,316459.58,CHF,0.28,A+,30.11.2025
URKEEDOVCS,79SLXFUPZAAE,Mortgage,Rollover,893673.91,CHF,0.24,BBB+,30.06.2026
CSZHJXRPMA,65BQPLJISCFR,Mortgage,Fix,1167813.71,CHF,0.24,A+,31.12.2025
TZRJCMGCOJ,71ECVEPBQZLJ,Mortgage,Fix,658015.3,CHF,0.26,A,31.12.2025
ETNXPLQDEC,78RCFTGBSXKP,Mortgage,Fix,1552471.75,CHF,0.27,BBB+,31.12.2028
RLXEHHRHIF,89XNJJMTKEIH,Mortgage,Fix,1523269.17,CHF,0.33,BBB+,31.12.2028
IBDIRIJNET,84OJHZRLMSAX,Mortgage,Fix,625170.11,CHF,0.26,AA+,31.12.2025
MQFUTNPQYU,74WOHRUKPBTX,Mortgage,Fix,717966.27,CHF,0.18,A+,31.12.2049
ZAJMEHJFMI,74HGYECUQBIM,Mortgage,Rollover,829466.73,CHF,0.33,AA,31.05.2026
RSBCTWRJWJ,67LYMRSRTDYW,Mortgage,Rollover,753993.78,CHF,0.26,BB+,30.11.2025
SIRIOFSSQJ,69SZCJORROMW,Mortgage,Rollover,321391.44,CHF,0.29,A,31.08.2025
LIIFYTWTFZ,65PSFRSQIATH,Mortgage,Fix,677271.07,CHF,0.26,AA-,31.12.2037
TMSZBSDQVG,65DQIDJSZWVO,Mortgage,Rollover,553301.61,CHF,0.25,A,30.04.2026
CCWLRAKBCU,72XXXISFORCM,Mortgage,Rollover,547025.35,CHF,0.26,A+,31.07.2025
RVCQNCNFFX,71UJOLAHVRAV,Mortgage,Rollover,1318214.54,CHF,0.31,A,31.12.2025
GNLHVMYWUH,65CHLGYCFGJC,Mortgage,Rollover,833389.26,CHF,0.35,BBB+,30.11.2025
MQCMHEPMXC,71QEIOPVAYDH,Mortgage,Rollover,764983.65,CHF,0.33,A-,31.05.2026
KDZSWSFDOI,85FZPRJCZWEF,Mortgage,Rollover,624054.76,CHF,0.19,AA-,31.03.2026
NBFBMEDGXA,86KYVBRBJINL,Mortgage,Rollover,1216768.76,CHF,0.17,A,28.02.2026
AIMJIHLHIR,80PRBUKDLAZU,Mortgage,Rollover,530624.22,CHF,0.28,A,31.05.2026
SRYXYOHKZX,87XDDJEVFLZR,Mortgage,Rollover,867360.41,CHF,0.15,AAA,30.06.2026
VQIMRRJACB,87SSFJKFECXN,Mortgage,Rollover,1745746.57,CHF,0.16,AA+,31.10.2025
MFRYTDMPSD,73YCSNCPNSMU,Mortgage,Fix,1125630.35,CHF,0.25,A,31.12.2028
QFUKTAPMQJ,82CYLFAARQDC,Mortgage,Rollover,1204994.11,CHF,0.25,AA+,31.08.2025
KKDCKKTZSC,80XVRXDAVELA,Mortgage,Rollover,669602.24,CHF,0.25,B+,30.11.2025
MICQUZSYQR,65WTTRPBXWWN,Mortgage,Rollover,476606.36,CHF,0.27,BBB+,31.07.2025
NHPANMSSDP,69KPOCXWMGXN,Mortgage,Rollover,454614.7,CHF,0.18,B-,30.09.2025
RPCAKVDTHE,75TDCZXDVIDW,Mortgage,Rollover,601772.49,CHF,0.30,AA-,31.10.2025
KDRYYARHBN,77OYKDQXDPGN,Mortgage,Rollover,1738762.86,CHF,0.24,A-,31.12.2025
UYHSIUCMRC,71DMOIXZVCJF,Mortgage,Rollover,1754903.55,CHF,0.34,A,31.07.2025
EVTYWTFNVY,77MSYYKPMOBM,Mortgage,Fix,1524241.61,CHF,0.27,AA+,31.12.2037
NMGLUEKKNJ,73CQSTGSYBPN,Mortgage,Rollover,1245266.53,CHF,0.31,A+,31.08.2025
NXPQPWJZWY,90VXMBWFTIKT,Mortgage,Rollover,446344.88,CHF,0.33,BBB+,30.11.2025
YHHOANUAKB,73UEMIXXIMHY,Mortgage,Fix,2144290.46,CHF,0.28,BBB,31.12.2031
GIHLWPNXTY,69FRLEKPXCWK,Mortgage,Rollover,1532471.02,CHF,0.32,A-,28.02.2026
UHJMDIRFLM,67PXBMWEEJFV,Mortgage,Fix,1475261.01,CHF,0.29,AA,31.12.2046
AFKZQGNKDW,72XWNJGZPBQF,Mortgage,Fix,1488336.76,CHF,0.20,AA-,31.12.2043
MJRKJLUAZI,74RQBGAVEFER,Mortgage,Rollover,895278.81,CHF,0.16,A+,31.08.2025
EITXRBIYJE,66UKEJVCQTMN,Mortgage,Fix,895252.03,CHF,0.34,CCC+,31.12.2031
OXUICEXALP,84LJPUFQCTOA,Mortgage,Rollover,495657.81,CHF,0.17,A+,31.07.2025
ZXISSKHPXU,67EVGYLPBFMC,Mortgage,Rollover,633402.28,CHF,0.18,A,31.01.2026
DQVNYUASXM,83HOMXRUXOHU,Mortgage,Fix,2759992.5,CHF,0.30,AA+,31.12.2028
HXZUFBGDJG,84AKCBKOEBBD,Mortgage,Rollover,404218.92,CHF,0.19,AA+,31.05.2026
TBVYSMJGTS,81LEIERKUDEX,Mortgage,Fix,1609692.44,CHF,0.16,AA-,31.12.2031
VECHJEVIWA,74DNRVTJZXKV,Mortgage,Fix,1262094.75,CHF,0.17,A,31.12.2034
KUCQLHVQXV,75FPWJSUGFHL,Mortgage,Rollover,1999284.28,CHF,0.25,B,28.02.2026
LQRRUPTKEU,72XNSJLCNZOT,Mortgage,Rollover,711119.69,CHF,0.16,A-,28.02.2026
ZUXWFIWPNI,88IJIRCRFQHZ,Mortgage,Rollover,2129059.87,CHF,0.33,A-,31.10.2025
AHNNUJRLPX,83BOFMXUBOHB,Mortgage,Fix,303303.97,CHF,0.16,BBB+,31.12.2028
ANJLKFAGHQ,69WXTJNGCJKS,Mortgage,Rollover,1161988.5,CHF,0.24,A,31.03.2026
VXDGLRJLUI,83WQANMLQMWG,Mortgage,Rollover,798123.23,CHF,0.23,AA,30.06.2026
XEDPWMAQWS,81VANBCUHFOH,Mortgage,Rollover,441318.88,CHF,0.16,A+,30.04.2026
OYKSRDAVCV,69HZUCIZXMLW,Mortgage,Rollover,1191607.63,CHF,0.34,A,30.06.2026
MFKBDZXOUT,77FOESMVLXRK,Mortgage,Rollover,712435.94,CHF,0.32,A,31.08.2025
YYOHRCCZOS,69PTVXFSLIZC,Mortgage,Rollover,1408741.81,CHF,0.24,AA,31.08.2025
EFJNGVTLKL,70NVVZTQGJLO,Mortgage,Rollover,1596732.04,CHF,0.20,AA-,31.08.2025
TCXNUQAYGJ,76NQKOXUACWZ,Mortgage,Rollover,691368.37,CHF,0.17,AA,30.06.2026
BHIVGULPHB,83ZCBZKYDTPK,Mortgage,Fix,1610051.95,CHF,0.17,AAA,31.12.2031
VRDRVJXFHJ,65WQVCDFUCWW,Mortgage,Fix,480720.81,CHF,0.35,BBB+,31.12.2028
XUGZUVOXIE,74IAGLPNGDJD,Mortgage,Rollover,679986.1,CHF,0.21,D,31.07.2025
YWUEQCCHFV,77OZWQLJQULN,Mortgage,Rollover,787929.24,CHF,0.23,A-,30.06.2026
SFUHRHXAAE,69FDIWEVNZZI,Mortgage,Fix,303256.87,CHF,0.24,AA-,31.12.2040
MZNREAJVZW,73MTOFFSFXMC,Mortgage,Fix,752914.57,CHF,0.18,B,31.12.2046
QEDGVMMJTV,90AGCRUYLEII,Mortgage,Rollover,577040.4,CHF,0.16,A,30.09.2025
VWSSLOAGOC,79HVEVHRCQZJ,Mortgage,Fix,680393,CHF,0.18,AA-,31.12.2037
MJQVKMEQJS,75BZUIFXTZKP,Mortgage,Fix,1167342.37,CHF,0.20,AA,31.12.2049
EHCSAFVCMB,89VFXJGZKEYK,Mortgage,Fix,2447622.62,CHF,0.20,AA-,31.12.2031
RNYSINKQDN,72JGDWDLURQZ,Mortgage,Rollover,920418.53,CHF,0.15,A+,30.11.2025
HKTANJKLCU,85JHJZSMYMAX,Mortgage,Rollover,1592581.51,CHF,0.30,A,30.09.2025
LCAZZIQOSP,81EQOMDIYYSL,Mortgage,Rollover,590721.21,CHF,0.16,BBB,31.08.2025
PQANRWTMNC,86QKEZGJFOLA,Mortgage,Rollover,1755724.88,CHF,0.17,AAA,31.03.2026
ZGQZBBOEKD,74UAACNYHNLZ,Mortgage,Rollover,505052.93,CHF,0.15,A+,30.09.2025
KDVAEQAMQN,69HCRBHETSTH,Mortgage,Fix,477144.6,CHF,0.33,AA,31.12.2043
FFWPNSOJPS,66ZEWPGXVVLO,Mortgage,Fix,2000143.38,CHF,0.33,A+,31.12.2043
HFDOAPQVEB,71BKYGEAPNCS,Mortgage,Fix,505978.95,CHF,0.23,B+,31.12.2055
NGSIKMTFYQ,81RSPKRSBSYJ,Mortgage,Fix,691150.56,CHF,0.17,AAA,31.12.2049
OOCPFGVEVJ,74SDCYOFQOKH,Mortgage,Rollover,1234933.81,CHF,0.24,A-,31.08.2025
YCLASFGUKU,69HOZIZERFZC,Mortgage,Rollover,384000.54,CHF,0.25,AA-,31.03.2026
GCYWAAFPKP,82VXUETECBAM,Mortgage,Rollover,149149.59,CHF,0.28,BBB,31.07.2025
IOPQGZMRBA,66RUBZUZYQBW,Mortgage,Fix,361662.68,CHF,0.26,A,31.12.2031
EXZHXDWKIM,82WCAAAYGVWG,Mortgage,Rollover,858882.99,CHF,0.34,CCC,31.08.2025
JVETACSHKG,70LNAYVKJHXT,Mortgage,Rollover,1607368.61,CHF,0.29,BBB+,31.07.2025
LOTZCOAQST,87BEWWVRSLRY,Mortgage,Rollover,505720.44,CHF,0.33,AA-,31.12.2025
ULUYOKYHZW,67RDUKSATFHU,Mortgage,Rollover,957843.05,CHF,0.33,A-,31.08.2025
VPCKXGOHAT,81BPEYJZYWWP,Mortgage,Rollover,452110.46,CHF,0.32,A+,30.09.2025
IMYQCAIPHF,82BITKOWTFWA,Mortgage,Rollover,1332024.11,CHF,0.30,A-,28.02.2026
VFKVVQYGFT,73QMWYVDGKUN,Mortgage,Rollover,1006160.42,CHF,0.28,BBB+,30.06.2026
EJQTGIZNJA,83BFGPAXFABQ,Mortgage,Fix,1500361.92,CHF,0.34,AA+,31.12.2046
RGIHDEDDRJ,82FMOKHPHLSJ,Mortgage,Fix,1081814.63,CHF,0.31,AA+,31.12.2037
MOYGUDQFNT,74TCAVMQJPTF,Mortgage,Fix,1373510.51,CHF,0.32,BBB-,31.12.2031
BBMGKKDBDP,89JCZRHRYHRH,Mortgage,Rollover,2080626.08,CHF,0.22,A-,31.12.2025
QFNZOWODUJ,85CHCBFHWLNA,Mortgage,Rollover,1039599.23,CHF,0.17,A-,31.12.2025
JCSQWGRYRX,85DFVJSNLPQF,Mortgage,Rollover,557324.38,CHF,0.15,A+,31.08.2025
RCQAPSPLGT,73JAUGJFTHAI,Mortgage,Rollover,460320.13,CHF,0.34,A+,30.11.2025
OGSUNOLHUV,65SVOWUNNSWG,Mortgage,Fix,349936.84,CHF,0.32,A-,31.12.2037
TKNIAWIRUQ,72JZUUWBNOTV,Mortgage,Fix,1821148.65,CHF,0.23,AA-,31.12.2043
OSFBGGEITR,67OYTKUHTRCT,Mortgage,Rollover,923562.51,CHF,0.30,AA+,31.07.2025
GZQBSFKGXF,84LAUCTKFTVU,Mortgage,Rollover,1813184.77,CHF,0.33,AA,31.08.2025
USBPBUGTDM,78PENRBWSZAF,Mortgage,Rollover,994245.65,CHF,0.32,A-,31.03.2026
FVXKRLOPQX,78ZAJPXRGVIJ,Mortgage,Fix,707439.37,CHF,0.24,A+,31.12.2040
MAQKNJOJSU,68HAZJSXHLSE,Mortgage,Fix,327938.82,CHF,0.24,A-,31.12.2031
EECZCLCMJV,66JHZIGSERKP,Mortgage,Rollover,1254974.23,CHF,0.20,A-,31.10.2025
OBACBBMJNW,84ARIYFURYJR,Mortgage,Rollover,1349702.78,CHF,0.24,AA,31.10.2025
GEMDSIIPTW,66YHSCPZRUFX,Mortgage,Rollover,922792.31,CHF,0.19,AA+,31.01.2026
LEGQYZRZOX,83ZAZCQGXWLU,Mortgage,Rollover,1001248.2,CHF,0.31,A+,31.05.2026
AAUVVVRTNK,90OQGWRGAQYN,Mortgage,Fix,197203.52,CHF,0.30,AA-,31.12.2034
PIALJEKOHP,85HZPMLEICTG,Mortgage,Rollover,993001.14,CHF,0.15,AA-,31.05.2026
VEMBUOYUGO,80ISOBHJMNGN,Mortgage,Rollover,123022.2,CHF,0.31,A+,28.02.2026
TIQDYGJQWR,82MGIRTSTUSR,Mortgage,Rollover,1881828.54,CHF,0.29,A+,30.09.2025
TVXONCGLQF,75LDKLWKGLOJ,Mortgage,Fix,1351333.32,CHF,0.22,BB+,31.12.2046
CIVXMMIGHZ,75FVQSSWAUJO,Mortgage,Fix,653784.47,CHF,0.27,A,31.12.2034
KHERAIIHYL,86OMTEADBKCS,Mortgage,Fix,343872.22,CHF,0.18,AA,31.12.2025
UFNQVSIEXT,87JXVPCCLKOA,Mortgage,Fix,654712.07,CHF,0.18,BBB,31.12.2031
IBQVIVORNM,83XIZLRCRMNX,Mortgage,Rollover,1839973.89,CHF,0.19,A-,31.10.2025
XNEZFUDUCB,72RETLMPPXQO,Mortgage,Rollover,2636512.18,CHF,0.24,A+,31.01.2026
BEZTNUEZWW,73LCDCKHKPVY,Mortgage,Rollover,925769.9,CHF,0.30,AA-,30.09.2025
VJUDTELSXN,65KUYWFPJPQQ,Mortgage,Rollover,1538966.56,CHF,0.31,A-,30.09.2025
CMBQRETQAE,77ZQHKYTLIMA,Mortgage,Fix,1105399.29,CHF,0.31,A,31.12.2037
RKHFLLEGTW,74UAZAUVKZXZ,Mortgage,Rollover,1805219.55,CHF,0.30,A+,30.11.2025
SXSFFIVDDH,89ILPYMFZIQT,Mortgage,Fix,767285.93,CHF,0.30,AA,31.12.2034
BHQCVKVMLL,75YZUHCKRMLP,Mortgage,Rollover,862149.44,CHF,0.23,A,31.08.2025
PITOBPFPWO,69NCHNMFROZF,Mortgage,Rollover,912471.78,CHF,0.27,BB-,28.02.2026
BDEQLUPKFS,85GDTMNDRZFI,Mortgage,Rollover,2276479.94,CHF,0.34,A-,31.12.2025
JPUXQGHLNV,76VFFASGBHOD,Mortgage,Rollover,183044.37,CHF,0.22,AA,31.12.2025
RJXQVLYKTW,81NDFRKBOQFL,Mortgage,Rollover,518558.79,CHF,0.25,A-,30.04.2026
QSMTQUQNEA,74TCTMUZYUZS,Mortgage,Fix,1137043.35,CHF,0.31,A-,31.12.2037
IIKIXPMDGV,90YKIAQDBUMZ,Mortgage,Rollover,900951.32,CHF,0.32,AA,28.02.2026
SBCRYQQMPT,68YOUVUFPUEN,Mortgage,Rollover,564746.11,CHF,0.15,AA,31.10.2025
GFWNQZZAKG,76FNPUTOZSNK,Mortgage,Rollover,276545.19,CHF,0.28,AA,31.05.2026
EUHVCZSCIP,68DFSXWZFCZN,Mortgage,Fix,422604.55,CHF,0.26,AAA,31.12.2043
UELPWYTDRC,77KRTPCLLYXL,Mortgage,Rollover,1308112.72,CHF,0.27,A,31.03.2026
JCGHEDCEPI,76CUXTTFZVUX,Mortgage,Rollover,1710229.11,CHF,0.31,AA,31.01.2026
LSOESNSOJB,67VEXIELKMWF,Mortgage,Rollover,863752.94,CHF,0.18,BBB,31.12.2025
EKBVXZXIOY,84VYWTLHWGEZ,Mortgage,Rollover,813312.81,CHF,0.16,BBB+,28.02.2026
JSDQYKZECW,72NTASMZHNNW,Mortgage,Fix,150488.6,CHF,0.35,A+,31.12.2025
JJBWEPKUBH,74UUXRHNBNLZ,Mortgage,Fix,406453.79,CHF,0.27,AA+,31.12.2031
CKVRBJBEDL,86UBUCBJUXVF,Mortgage,Rollover,498446.97,CHF,0.15,AA+,30.06.2026
GHJENENRXE,72PWVNRGVBXC,Mortgage,Rollover,402559.16,CHF,0.33,AA+,31.08.2025
MQKORZSGOH,73BAMEZJRSGE,Mortgage,Fix,1823459.6,CHF,0.33,A+,31.12.2028
GCFHLTWCAF,66IXNTLSKCSY,Mortgage,Rollover,255524.58,CHF,0.33,BBB,31.10.2025
OWNPYMSGXD,71HJONANXSCS,Mortgage,Fix,281105.82,CHF,0.17,A,31.12.2025
XDXXFWCPVV,74QCOZFJMPLG,Mortgage,Rollover,1025214.6,CHF,0.28,BBB-,31.07.2025
NNUBGYHXUM,67OJBANIXZQQ,Mortgage,Rollover,419398.72,CHF,0.28,A,30.11.2025
KRSSZQUXVX,70CUKHNUGYOX,Mortgage,Fix,2314832.92,CHF,0.25,A+,31.12.2046
IKATVOWIOQ,79YCPUBGUZWQ,Mortgage,Fix,876240.84,CHF,0.31,BBB-,31.12.2028
YJFCZABVNK,75FMEURDORNQ,Mortgage,Rollover,633417.83,CHF,0.24,AA+,28.02.2026
VYZKAGLAYN,84FFHMBFHPMH,Mortgage,Fix,1036061.23,CHF,0.29,AA+,31.12.2028
USMCJHJYUH,77UNJIKIONUN,Mortgage,Rollover,1033579.04,CHF,0.23,A,31.03.2026
DQXNOXNBUK,77VTCUNRJJZB,Mortgage,Rollover,1010856.16,CHF,0.16,AA-,31.08.2025
PLUOWCZQBN,87IJFMQYLULL,Mortgage,Rollover,2535236.17,CHF,0.30,AA,31.08.2025
IOHVGGLSGF,67DTTELGZPAY,Mortgage,Rollover,2463360.31,CHF,0.18,BB-,31.01.2026
IXULJPKMIP,65OQPMDEEWSE,Mortgage,Rollover,771089.18,CHF,0.29,BBB+,30.11.2025
BPFOVOVZFU,68SBUKVVSVZX,Mortgage,Rollover,1262262.92,CHF,0.21,AA,30.11.2025
BOONXKYWFR,89BFRZIHNHUV,Mortgage,Fix,517101.62,CHF,0.26,AA+,31.12.2028
TXCLGICANN,85DUUVTSRHMV,Mortgage,Rollover,2562630.21,CHF,0.19,BBB+,30.06.2026
HMUPQHTSOY,66RYEZZFMMKT,Mortgage,Rollover,936792.92,CHF,0.35,A,30.11.2025
VRCMXCGTJP,67YATGTCGMBV,Mortgage,Fix,767754.32,CHF,0.34,A-,31.12.2025
FDKWPBSDOX,71SCBWPJWDRE,Mortgage,Rollover,982122.05,CHF,0.21,AA-,30.04.2026
MFKDANLZKL,67VBNTMFNCSY,Mortgage,Rollover,680277.24,CHF,0.28,AA-,31.12.2025
TZGYIZOVMM,68UDVLLULBZG,Mortgage,Rollover,780220.89,CHF,0.33,AAA,30.11.2025
WWXZLJAEDV,75VMOZWPJDYN,Mortgage,Rollover,381353.6,CHF,0.17,A-,30.11.2025
GUQAHYOIFW,87ELFIVHDMWC,Mortgage,Rollover,249968.13,CHF,0.24,AA,31.05.2026
ZQPNJSGKVE,70QZAEOLURGJ,Mortgage,Fix,2092450.11,CHF,0.26,AA+,31.12.2052
SDUEOMABTH,67LSBTEXCTOG,Mortgage,Fix,1108049.48,CHF,0.26,BBB-,31.12.2028
DABBDXHQUY,68BHJKPOVYOW,Mortgage,Rollover,86365.98,CHF,0.33,AAA,30.04.2026
NJEIERAPWT,72UYTEQSJEGM,Mortgage,Rollover,1269424.69,CHF,0.25,B,30.09.2025
CIOSNWZPZA,87MNHEZLFULX,Mortgage,Fix,663352.75,CHF,0.34,AA-,31.12.2028
UDCWCVRMGW,77NCRPXKEFWU,Mortgage,Fix,911157.88,CHF,0.17,AA,31.12.2034
ACJMTBMALK,79QQCWWXFOTR,Mortgage,Fix,1280488.28,CHF,0.15,AA-,31.12.2040
PUMMGKFLTO,78NMAGQPREKE,Mortgage,Rollover,1456597.98,CHF,0.34,AA-,31.12.2025
MOVFCPYBGL,85YPJPHMKWVC,Mortgage,Fix,1828312.99,CHF,0.35,A+,31.12.2031
EPDIATIWFG,85VZKINMEUDW,Mortgage,Rollover,338889.15,CHF,0.28,A-,31.05.2026
RLOEXFHGIJ,70MTFKPQWOSW,Mortgage,Rollover,816663.18,CHF,0.32,BBB+,30.09.2025
VGCRVTVHXY,76ZSFEKANSCQ,Mortgage,Rollover,862838.25,CHF,0.28,AA+,30.06.2026
JQNIGRWNTH,84HCWRHNTIZL,Mortgage,Fix,706001.96,CHF,0.27,AA-,31.12.2028
XFTDVYYFRJ,90QCIRWNOWXB,Mortgage,Rollover,385880.26,CHF,0.16,A+,31.05.2026
YVLIRVPUOV,69TCVTBYPBYI,Mortgage,Rollover,554857.99,CHF,0.34,AA+,31.05.2026
ICXPLHOPZX,90OXQDJPEVGW,Mortgage,Rollover,1288985.83,CHF,0.34,AA+,28.02.2026
KYZSKMJDQA,89EYJTTOBSQZ,Mortgage,Rollover,600172,CHF,0.28,A,31.01.2026
KPFFPMCODC,68AHUPAOGEDM,Mortgage,Rollover,721743.18,CHF,0.15,A-,31.08.2025
DXSQBXNJAA,76HBVCKVZJOI,Mortgage,Fix,257170.97,CHF,0.27,A+,31.12.2028
CWCUMDLFLW,78IRNTNKGZHQ,Mortgage,Fix,300452.92,CHF,0.30,A+,31.12.2028
LETFPHNLQE,87HWWFJHXMAI,Mortgage,Fix,863499.2,CHF,0.29,AAA,31.12.2025
XEOMZWDTVD,68HBQPKLZRZM,Mortgage,Rollover,454854.26,CHF,0.23,AA-,31.03.2026
EYUKOPSRCR,82LKZLTFRVAA,Mortgage,Rollover,639310.88,CHF,0.20,A-,28.02.2026
MLGDTKWTMY,79DWPPQSVGZV,Mortgage,Rollover,328040.46,CHF,0.29,BBB+,31.12.2025
DCYOXNIUNA,90MVVUIGMQTZ,Mortgage,Rollover,1322801.27,CHF,0.24,AA,31.10.2025
KWVYMMBFWC,76HZURWDTCPF,Mortgage,Rollover,1810581.48,CHF,0.25,A+,31.10.2025
PYDGOLNPIC,65UUHTOALTHH,Mortgage,Rollover,595851.44,CHF,0.32,A-,30.04.2026
BKNXUSFWHB,75NCJASSXGSQ,Mortgage,Rollover,1438941.76,CHF,0.24,A-,31.03.2026
BAEPFZLCPI,90YIHQSEHIRL,Mortgage,Rollover,449497.49,CHF,0.31,A,31.05.2026
GXOQRBIOAE,83VPKDJYCCPG,Mortgage,Fix,361818.38,CHF,0.24,BBB,31.12.2031
HUARQSQLCG,74PSHLPUJRTJ,Mortgage,Rollover,621317.97,CHF,0.33,BB,31.10.2025
ZCNACCVQFF,74AJQIHGOQGR,Mortgage,Fix,718389.61,CHF,0.25,BBB+,31.12.2046
VKUKMKEURE,80BFQLEDKKZT,Mortgage,Rollover,785907.31,CHF,0.34,BBB+,28.02.2026
ODRTTGQQRS,89UNKMEMSNEJ,Mortgage,Rollover,1441083.58,CHF,0.16,AA,30.04.2026
HRDOEOHXAV,66YSMXKBHMTV,Mortgage,Rollover,1652885.76,CHF,0.15,A,31.03.2026
WJNVRHYMTH,85KGEWMCCLWB,Mortgage,Rollover,946336.45,CHF,0.34,CCC,31.10.2025
EWZXGJFAPQ,75PNMGNUZSPR,Mortgage,Rollover,1098548.96,CHF,0.34,B-,31.08.2025
GJBBMCAXNF,68EMOINYXSTS,Mortgage,Rollover,818381.55,CHF,0.21,AA,28.02.2026
WPIKXVMICU,79YLMWIYSJYV,Mortgage,Fix,1113463,CHF,0.26,AAA,31.12.2031
OCCVVMSKYG,86ISSHFMKXES,Mortgage,Rollover,1009791.14,CHF,0.29,AA-,31.07.2025
SEJFDEVQVX,86FXXKVXKTOY,Mortgage,Rollover,1479428.44,CHF,0.33,A-,31.10.2025
LKKLWIQUOA,83JOMZOFXZDK,Mortgage,Rollover,1479280.17,CHF,0.18,AA-,30.11.2025
OOJMYJHZKF,73RCXJJMJBPR,Mortgage,Fix,1454850.02,CHF,0.27,A,31.12.2028
ETTXANCZJV,66OTGKRGPBDP,Mortgage,Rollover,85399.95,CHF,0.34,AA+,31.10.2025
VSCUEZFUIV,76EMRAWMRAFY,Mortgage,Fix,790892.48,CHF,0.20,AAA,31.12.2043
JTXWVQNOOB,89OTHBSHTWXW,Mortgage,Fix,662090.79,CHF,0.19,A-,31.12.2028
UPVWXXUVJK,82EURTIRLMQQ,Mortgage,Fix,2379741.76,CHF,0.25,AA,31.12.2025
SRNPOPKUFP,66AQVZBGGTFG,Mortgage,Rollover,1367223.99,CHF,0.16,AA-,31.10.2025
ZPTOGZSUQD,75HPOHSUBFQZ,Mortgage,Rollover,1459145.36,CHF,0.26,BBB,31.01.2026
ARDWTOQIOP,80TUQHZUUPFS,Mortgage,Rollover,1170204.39,CHF,0.33,A+,30.11.2025
PIWZJBWMAE,76AUTXZMMUUE,Mortgage,Rollover,82043.05,CHF,0.21,A,28.02.2026
XFISSVVKGX,83YKVWHAANPZ,Mortgage,Fix,765752.29,CHF,0.21,CCC,31.12.2055
GEKPVNGGUO,81FQOQKPSQDE,Mortgage,Rollover,1250732.66,CHF,0.21,AA,31.10.2025
EVWKMDZWZN,72YRURYNAVQA,Mortgage,Fix,2018212.29,CHF,0.27,AA+,31.12.2031
ELBONMDNLH,90RTNLFNQVII,Mortgage,Rollover,759398.14,CHF,0.33,A+,30.09.2025
BDZKSXHUPG,79NYPXLSOPSI,Mortgage,Rollover,793797.22,CHF,0.29,A-,28.02.2026
WNRDXAMPAF,81OEGBZKBECF,Mortgage,Fix,763062.03,CHF,0.22,BBB-,31.12.2046
AKAPCHGHBO,78AHKKJHYVKV,Mortgage,Rollover,762895.33,CHF,0.27,AA,31.03.2026
XOQEELKEEY,90GEKIVSZGOB,Mortgage,Fix,479899.34,CHF,0.29,BB-,31.12.2028
UQZBCRZORQ,84JVUAFGHEVB,Mortgage,Rollover,2038085.81,CHF,0.21,BBB+,30.06.2026
PDSXTIFISB,89SQMTJRFQKU,Mortgage,Fix,1199550.72,CHF,0.31,A,31.12.2040
MGUGLOOXYN,68CQYLZIRHHS,Mortgage,Fix,929329.62,CHF,0.33,A+,31.12.2028
PXFGNZSLOF,75CNUXDLFLKW,Mortgage,Rollover,137361.61,CHF,0.19,AA-,31.07.2025
MSUPWNIAST,67ZPSQPEZRAA,Mortgage,Rollover,690606.88,CHF,0.35,A-,31.07.2025
TFFDKXMQWF,76BNNUAEUJMO,Mortgage,Fix,1731610.27,CHF,0.15,A-,31.12.2034
BSVUZUMECC,78KWEAEKDEMF,Mortgage,Rollover,417995.35,CHF,0.19,A+,31.10.2025
WCCBRIXMDL,75SBWLNICVKG,Mortgage,Rollover,2118496.28,CHF,0.16,AA,31.12.2025
QIPQODMWIE,72RIRUEMZNKR,Mortgage,Rollover,836377.8,CHF,0.30,AA+,30.11.2025
GIYAIBMIOC,77NOUBGEXUAY,Mortgage,Rollover,2508331.87,CHF,0.33,A,31.12.2025
QYKPZSZXTV,78CFHGZCSXPO,Mortgage,Rollover,1710766.22,CHF,0.32,BBB+,30.04.2026
QHTRJEHJMF,78PNSQDRASSU,Mortgage,Fix,951251.86,CHF,0.33,AA-,31.12.2031
IJGIPUCVBR,85BHFEHWPGTX,Mortgage,Rollover,396559.64,CHF,0.34,BBB+,31.08.2025
CSGVUXIAQP,88PWCCXGZGVG,Mortgage,Rollover,516969.47,CHF,0.30,A-,28.02.2026
RZXCHKGURJ,65RVGVAIJXUT,Mortgage,Rollover,1595037.66,CHF,0.19,AA,31.05.2026
VZVWZMZRID,68ZSXREQBSNM,Mortgage,Rollover,1876346.33,CHF,0.22,AA-,31.01.2026
ELLDLCGYZI,82INQQNDKODR,Mortgage,Rollover,2008766.38,CHF,0.31,CCC+,31.01.2026
VWYSUULRKN,79ZGQILAWOGP,Mortgage,Rollover,930056.8,CHF,0.16,AA,31.08.2025
FIUCXRVHNT,90WJCENWNLEI,Mortgage,Rollover,445035.66,CHF,0.29,AA,31.01.2026
HHTYHTRSED,87BZMSZZXFBL,Mortgage,Rollover,80696.45,CHF,0.29,A-,30.11.2025
HSUSRTFAXO,74KZVPVAGGBD,Mortgage,Fix,1265262.58,CHF,0.31,A,31.12.2028
ADCMEQQFSP,70LTUZWKSNSI,Mortgage,Rollover,809729.26,CHF,0.34,BBB,30.09.2025
VIMCDZIDOP,81ITVUEWJJTR,Mortgage,Rollover,808988.76,CHF,0.16,BB+,31.08.2025
VDZBCRSKWI,69KRFQIZWREA,Mortgage,Rollover,1842692.72,CHF,0.17,A,31.08.2025
OHQYTUSGGP,67VHWEFMRMAD,Mortgage,Rollover,829010.27,CHF,0.23,A-,31.12.2025
JAPATHTVIA,66SJWKWUZLRO,Mortgage,Rollover,885201.22,CHF,0.34,AAA,31.07.2025
ZVXJKEJMOO,87RFZWEZVAND,Mortgage,Rollover,2487212.7,CHF,0.34,A,28.02.2026
BSBHHKGEFR,89GFNYHWPUMJ,Mortgage,Fix,559860,CHF,0.28,A,31.12.2043
XEEGWVZAHS,85YPBLPACELH,Mortgage,Fix,1761683.22,CHF,0.16,AA+,31.12.2037
RHPQEPKRJB,70RGKUEAKZPD,Mortgage,Rollover,1344022.18,CHF,0.21,BBB+,31.07.2025
RSFMCICLSK,74TPJLNXMPUZ,Mortgage,Rollover,1401068.22,CHF,0.28,AA-,30.06.2026
CXEZRGKZIR,81CBVGACVKOL,Mortgage,Fix,886241.73,CHF,0.30,A-,31.12.2028
HTJYBLQYFU,68WNGKIMFQJN,Mortgage,Fix,639144.57,CHF,0.27,AAA,31.12.2049
LNMJYGCJIR,90UIZPENOBBO,Mortgage,Fix,1099895.58,CHF,0.31,A,31.12.2046
MFIIVEUZLS,77ADEYGEONCB,Mortgage,Rollover,1282774.18,CHF,0.31,B,31.07.2025
XOFOSGBTHQ,82TYRDGSTZSM,Mortgage,Rollover,972701.83,CHF,0.26,A,31.03.2026
BFHFXWUVVR,84OBUCOWTQJM,Mortgage,Rollover,233443.19,CHF,0.20,CCC+,31.10.2025
VQLETAZBYH,75YTPIDMHXCM,Mortgage,Fix,672276.25,CHF,0.25,BBB+,31.12.2025
VVTQPZPHSW,72PIXPCJNIRY,Mortgage,Fix,1901618.3,CHF,0.33,BBB-,31.12.2025
FPXDHRAMUC,89UIWEJXYOUJ,Mortgage,Rollover,636002.65,CHF,0.34,BBB+,30.11.2025
CCZJTDGQFT,80HXLNCQKSZY,Mortgage,Rollover,1708366.12,CHF,0.31,BBB-,28.02.2026
BQIQQIGXCK,83AHFUJGFTIO,Mortgage,Rollover,2669383.37,CHF,0.25,A,30.11.2025
HSFDRDUCXN,75DIOTBPKXEJ,Mortgage,Rollover,400009.96,CHF,0.23,A-,30.11.2025
CEKTUHMGWL,66ADDXLAXZXG,Mortgage,Fix,379551.13,CHF,0.17,D,31.12.2025
IYUORVJIOI,86FAOCVDTLET,Mortgage,Fix,1194342.91,CHF,0.19,AA-,31.12.2046
BRNJBHOZMU,81DDYTMTVLWP,Mortgage,Rollover,287807.89,CHF,0.24,A,30.09.2025
IJXLAJJYHR,80NATSCSIXDC,Mortgage,Fix,472006.7,CHF,0.28,A,31.12.2031
TFNXKJGNWB,89NRKKBIYWHR,Mortgage,Rollover,82448.92,CHF,0.31,AA,30.11.2025
XXHNGAFCJA,70BALFDXUPUJ,Mortgage,Rollover,1348324.18,CHF,0.29,A+,30.11.2025
PXYWNIBTXQ,75EIPWPYDZRY,Mortgage,Rollover,297941.69,CHF,0.27,A-,31.03.2026
EYSVOFOUSS,80TXEKZMEFWT,Mortgage,Fix,894538.14,CHF,0.23,A+,31.12.2028
THCMPHVZCM,80FCUBDDYLUN,Mortgage,Fix,476082.52,CHF,0.26,AA+,31.12.2028
RLEIBTXMPQ,77NWUXVPPAKB,Mortgage,Fix,235194.16,CHF,0.15,AA-,31.12.2031
DKLESFQLWQ,76XJPCXZQLLU,Mortgage,Fix,1700167.18,CHF,0.22,BBB-,31.12.2028
LXFVLWLIDZ,83JZFSTRFKSX,Mortgage,Rollover,1067197.32,CHF,0.23,A+,31.10.2025
GSMXFJZLCU,79IXDUYWLJTA,Mortgage,Fix,1604764.14,CHF,0.21,AA,31.12.2028
VSTSLGENXU,76IDQDELJNTV,Mortgage,Rollover,1817618.35,CHF,0.28,CCC+,31.03.2026
LBDMKZPSGP,87QPUTLYSFJT,Mortgage,Rollover,1629171.01,CHF,0.28,A-,31.03.2026
KQXNSJVUOT,65LZARSOMPCK,Mortgage,Rollover,2963462.62,CHF,0.20,A+,31.12.2025
QZMITFQESA,73YMPLDWIYQY,Mortgage,Rollover,813106.8,CHF,0.30,BB+,31.08.2025
NQCRLXOPKJ,87DYLIDRZMHX,Mortgage,Rollover,2543707.67,CHF,0.25,AAA,31.08.2025
BIHSKGLOYN,73PWOEUNZCNF,Mortgage,Fix,638631.36,CHF,0.17,AA-,31.12.2028
VLMXNWYAUI,89CUJLIKEYON,Mortgage,Fix,1094776.55,CHF,0.21,A,31.12.2028
CCRBAOPQYU,68LESXMWFTQL,Mortgage,Rollover,1686739.45,CHF,0.15,A-,31.07.2025
CWMZTCOYFC,86VEZTCFNWMQ,Mortgage,Fix,1086313.3,CHF,0.31,BBB-,31.12.2049
LAELLEDHNU,70XNELKWNCHM,Mortgage,Rollover,475861.73,CHF,0.20,AAA,28.02.2026
EKXAZCZJTY,77TNKELCTSVX,Mortgage,Fix,1086028.95,CHF,0.20,A-,31.12.2049
ZNMXMKBMXW,80VQHVYXUEYU,Mortgage,Fix,2037319.64,CHF,0.34,A+,31.12.2052
YSMOQREAMC,87FGBUGPFAOC,Mortgage,Rollover,771917.51,CHF,0.30,A,30.04.2026
QLBZFKRSAV,69ISKULANJET,Mortgage,Fix,258539.17,CHF,0.32,A-,31.12.2028
CFPOCBQCDI,77EYHJCLFLJR,Mortgage,Rollover,648686.56,CHF,0.28,A,30.04.2026
PFSGEIXAAN,67EALWAFKSUN,Mortgage,Rollover,215630.96,CHF,0.28,AAA,31.10.2025
ECHRUXCNYI,72XHWHWARKEJ,Mortgage,Rollover,4269020.01,CHF,0.16,A+,31.03.2026
ZKKIXWQWOI,76OXXBYIPEXK,Mortgage,Rollover,2139590.34,CHF,0.31,A-,31.08.2025
RANZSKPRZG,84RPVTSOIXCI,Mortgage,Fix,1207451.2,CHF,0.15,A,31.12.2052
RODSXQCKPK,84COKJQKFQJW,Mortgage,Rollover,988855.92,CHF,0.28,BBB,30.06.2026
DALQRUHPHO,72TNASGBOGPC,Mortgage,Rollover,537518.12,CHF,0.31,AA-,31.12.2025
DJACQWMFXJ,89ROBITMNIEI,Mortgage,Rollover,1022588.14,CHF,0.20,A-,30.11.2025
YEGOCOIXHA,85BWHBOZPEZA,Mortgage,Rollover,516879.43,CHF,0.15,A,31.08.2025
VSGUKFDWIW,84HHVDQDVGXK,Mortgage,Rollover,1141742.4,CHF,0.21,AA,31.01.2026
AERMEVDCYS,66VBVKFRQYYA,Mortgage,Fix,611265.82,CHF,0.30,BBB-,31.12.2031
AWPTJUSSEU,65RIRRSGPGQZ,Mortgage,Fix,1032045.34,CHF,0.18,A-,31.12.2055
JJMEBIJLDW,66HTWTCSCOEY,Mortgage,Rollover,511031.66,CHF,0.25,AA,30.04.2026
MGJJLNVULN,70BNYFISLBTZ,Mortgage,Rollover,1436170.94,CHF,0.18,AA,31.03.2026
TIZUMRJHFP,75VWGLIGCIEE,Mortgage,Rollover,1572346.04,CHF,0.32,A-,31.05.2026
TVDYXEQASU,82DMVBVWYHXC,Mortgage,Fix,567213.99,CHF,0.20,AA+,31.12.2031
OXQJCRZEWM,88QSNCSIPCNS,Mortgage,Rollover,658240.04,CHF,0.26,A+,30.11.2025
CVSNHSEJLN,80GXTYJNJIAG,Mortgage,Rollover,603432.25,CHF,0.24,AA-,28.02.2026
SXNCQHQDEN,68SXJVEEPGRM,Mortgage,Rollover,1068892.24,CHF,0.29,AA,30.09.2025
TNDGBEKLJD,77BNPAAVCHKC,Mortgage,Fix,1955463.77,CHF,0.30,A-,31.12.2025
LATOULJMKL,89CSVKZZHRNQ,Mortgage,Rollover,1213645.45,CHF,0.17,BB-,30.09.2025
ILMXGYSKXF,69JINYFKNCKD,Mortgage,Rollover,424601.96,CHF,0.28,A,28.02.2026
CGDBYOSQLY,67LYVHQRFYSN,Mortgage,Fix,1011383.92,CHF,0.25,A-,31.12.2025
UATLAPHMOP,87STLKEDBZQW,Mortgage,Fix,953847.12,CHF,0.20,A-,31.12.2031
GGKAPGAMVN,66JMQLOQDZFJ,Mortgage,Rollover,605006.56,CHF,0.34,A,31.05.2026
SUAHNYSLZN,80GPYSEBCTNF,Mortgage,Rollover,687598.73,CHF,0.20,A,30.06.2026
PRVENFFKUX,73WCZLNOZOYH,Mortgage,Fix,526589.63,CHF,0.28,AA,31.12.2034
LWJTHBOJER,80XRBTGRAYKI,Mortgage,Fix,546820.98,CHF,0.16,AA+,31.12.2025
AQIOVVIUKG,78HTMLIIQTRS,Mortgage,Rollover,2105626.2,CHF,0.20,AA,31.07.2025
VTTQGVESND,78YAYJPYNMLL,Mortgage,Rollover,1597379.86,CHF,0.26,A+,30.09.2025
SAAUZAFFVT,75QZRRAHESPK,Mortgage,Fix,469080.22,CHF,0.27,BBB,31.12.2052
YRYSWIGPET,84JHCRUWHFVV,Mortgage,Rollover,945330.87,CHF,0.18,BBB,30.04.2026
ZQLVOCQLAS,89UXUOOUFZXS,Mortgage,Rollover,417522.37,CHF,0.33,A-,31.07.2025
OGQEZARKAL,74OLXCXHCVJI,Mortgage,Fix,1589926.96,CHF,0.32,A+,31.12.2025
EOTVOFLZQG,76DRSLLHYRSS,Mortgage,Rollover,902304.01,CHF,0.27,BBB+,28.02.2026
NZMAHWLHAF,77CSPBKMSLNZ,Mortgage,Rollover,1742649.37,CHF,0.33,A,31.07.2025
WZRWFVQDDJ,67QBZPECLFBB,Mortgage,Rollover,2088375.51,CHF,0.26,A-,30.09.2025
PRXFUQPIKC,69WTUKAARKVL,Mortgage,Fix,937051.05,CHF,0.26,BBB-,31.12.2037
FRINVFPBHE,81FGKVDHGKEK,Mortgage,Fix,1224450.9,CHF,0.22,AAA,31.12.2031
HABIXLDYYF,87LNKMPFBGWU,Mortgage,Fix,875249.1,CHF,0.28,BBB,31.12.2052
XJSCTRGLHS,89UQJGYHPYOG,Mortgage,Rollover,820679.84,CHF,0.32,A+,31.07.2025
SUWUXMUJDL,88JADNUYYEAO,Mortgage,Fix,688268.65,CHF,0.17,BBB+,31.12.2043
NKEYKPWSWU,80WBSDOUWKKB,Mortgage,Rollover,538830.56,CHF,0.34,AAA,31.01.2026
CEFQARHPJC,90BCFDFRGFUA,Mortgage,Fix,1350048.22,CHF,0.22,A+,31.12.2028
BWVKJGODTC,71GQQAPRJKAI,Mortgage,Rollover,565479.36,CHF,0.32,A-,31.03.2026
RKSDWXXBOB,71HJNPWTAXAL,Mortgage,Fix,500398.72,CHF,0.32,BBB-,31.12.2043
XDMHMNAYXU,73KGZLXPRBEX,Mortgage,Fix,909632.96,CHF,0.35,BB,31.12.2040
IHAVMXGZPT,71FMUNWCKGII,Mortgage,Rollover,592197.15,CHF,0.26,BBB-,31.07.2025
FCSJBTBVKE,69UXSAILJMVD,Mortgage,Rollover,265745.42,CHF,0.21,A-,31.08.2025
LEHDLIPLRD,77QCALQWJGBO,Mortgage,Rollover,662864.06,CHF,0.25,BBB-,28.02.2026
OAHDXIFVAG,78ECWNRIDRPM,Mortgage,Fix,425012.75,CHF,0.27,A,31.12.2028
ISUXKKBFAW,87QLVQQIRCZF,Mortgage,Rollover,1886739.68,CHF,0.28,BBB,31.08.2025
OKRYUBDVMP,86ZHAQFTNQPV,Mortgage,Fix,608489.17,CHF,0.35,AAA,31.12.2046
PKHGBBBACV,66DIDJKYMZFH,Mortgage,Rollover,834142.03,CHF,0.28,BBB,28.02.2026
CUHQOYIKDY,79JJQFSUDLCH,Mortgage,Fix,1831359.67,CHF,0.19,AA-,31.12.2028
VWSHXWOUFE,69PIRODDKZPB,Mortgage,Fix,658455.74,CHF,0.30,A,31.12.2043
LRPNFMNSRU,68BFWWAGXIAD,Mortgage,Fix,2356239.89,CHF,0.17,AA-,31.12.2049
JEJSBLGWSY,67AXDFYILJKW,Mortgage,Rollover,831349.41,CHF,0.28,A,31.03.2026
KWBNBKKOQG,75UMHSVUMVAF,Mortgage,Rollover,112074.64,CHF,0.28,AA-,31.07.2025
YSRQDMOZIF,84DVCIELLWPA,Mortgage,Rollover,1863546.38,CHF,0.24,AA-,31.03.2026
JRMBTHLFMZ,71VXNRJQOUHF,Mortgage,Fix,347810.32,CHF,0.33,AA,31.12.2052
JTLZCGBNOH,77UBIAYJFKPH,Mortgage,Rollover,1289074.59,CHF,0.18,AA,31.05.2026
YJJDVEROSS,66JWMWSDIVFX,Mortgage,Rollover,1353152.62,CHF,0.30,AA+,30.04.2026
ISZRIQTYYS,89XRWTJALVTJ,Mortgage,Fix,514742.28,CHF,0.20,AA+,31.12.2025
PHAXLUIJQO,76SJSRUFLGHP,Mortgage,Rollover,324808.55,CHF,0.20,AA,31.07.2025
TDFYRPXMLR,78UWCPBLERRX,Mortgage,Fix,1876246.36,CHF,0.28,AA-,31.12.2046
OGEDGBUKFC,68JSIBRMJLKW,Mortgage,Rollover,1424156.29,CHF,0.22,A-,31.01.2026
BBDYJQAAVF,74TAHBGQSXLZ,Mortgage,Fix,517434,CHF,0.15,A-,31.12.2031
QGYEGKITFQ,68GNPTPDAXCY,Mortgage,Rollover,883120.8,CHF,0.21,A+,31.07.2025
EZPAYPPQYR,81RGBTRPELLR,Mortgage,Rollover,731987.69,CHF,0.17,AA,31.01.2026
BADVLEUNDM,86LGSQBXRCDD,Mortgage,Fix,2599769.3,CHF,0.30,AA+,31.12.2034
RHTISJECNO,81BHYTORCVQL,Mortgage,Rollover,741014.14,CHF,0.28,A,30.04.2026
UYLHPNEJFK,79QGXZNZRNGB,Mortgage,Rollover,1352591.33,CHF,0.34,A,31.12.2025
HBVVIWQIBV,88IXNYZAZGBC,Mortgage,Rollover,3839462.76,CHF,0.33,AA,31.05.2026
PPIIIZYMSY,70QBHOCNVKWB,Mortgage,Fix,2592639.33,CHF,0.18,AA-,31.12.2031
GBRNJLUKMU,67RESACDPRTR,Mortgage,Rollover,1688589.22,CHF,0.23,AA,31.08.2025
PATWGDZIQM,72QOHCMTEWDW,Mortgage,Fix,1030602.05,CHF,0.31,BB+,31.12.2043
KIADRAHJHH,73BBYIUNBGQP,Mortgage,Fix,668574.33,CHF,0.28,A+,31.12.2034
PCRCJIDTEF,87MQPXOKNLAJ,Mortgage,Fix,93199.95,CHF,0.23,AA,31.12.2034
KLMOEWVRTH,67OOJGWZZPKX,Mortgage,Fix,1600277.59,CHF,0.17,A+,31.12.2028
FADEGWWLPD,79YQUSFUOSIL,Mortgage,Rollover,516441.69,CHF,0.35,B,31.01.2026
ZNBFLFHQRK,88NONXGUJUDI,Mortgage,Fix,1495194.02,CHF,0.25,BBB+,31.12.2028
UYZFLXFXRL,79XNGNOJHHEX,Mortgage,Rollover,690223.28,CHF,0.24,AA+,31.07.2025
HLNIBRRZRC,90QUUBFJSSWG,Mortgage,Fix,863767.24,CHF,0.35,AA,31.12.2028
LOKAGVRBZO,83KUZDJAAYOE,Mortgage,Rollover,1355026.44,CHF,0.25,AA+,30.04.2026
OVJKZNXOFU,74TOYTNQAUDW,Mortgage,Rollover,978835.08,CHF,0.31,A,30.04.2026
DUGJLLUSCM,72BUGNZKKDKB,Mortgage,Rollover,1087589.82,CHF,0.32,AA+,30.06.2026
MDJMUPOWCL,84MFWVRQIGBP,Mortgage,Rollover,585728.46,CHF,0.29,A,31.01.2026
ZPGISRZLLF,77WONFTHCGGD,Mortgage,Rollover,800146.23,CHF,0.28,BBB,31.08.2025
CPLUCCNCVQ,65ZOEDVZZJUO,Mortgage,Fix,414250.21,CHF,0.17,AA+,31.12.2031
NCEGRTWKQF,67IJKZTEJNOK,Mortgage,Rollover,1589067.83,CHF,0.24,AA-,31.07.2025
PXBBKMPNJY,89DYDHHPMGDW,Mortgage,Rollover,536968.19,CHF,0.33,A-,31.01.2026
NVPZBRLOAD,82MKZRNBZCDD,Mortgage,Fix,388960.05,CHF,0.30,BBB,31.12.2028
DFRHGMMNHJ,66SNNXFLVEXB,Mortgage,Fix,550302.09,CHF,0.15,AA-,31.12.2031
PPULXWLLAC,66LLMTIJXLBD,Mortgage,Rollover,1515465.37,CHF,0.22,A,31.01.2026
POLBXCJELK,81OOVOUQLNGT,Mortgage,Rollover,1221959.41,CHF,0.21,A+,31.10.2025
HTCUKPYRKP,72ZGXFWBDRAZ,Mortgage,Rollover,1164147.79,CHF,0.28,BBB,31.05.2026
PCKWNFLAHI,68YXMRVSBEIK,Mortgage,Rollover,1138449.55,CHF,0.19,AAA,30.04.2026
GCXMFPJICC,77VSGAGMFKJL,Mortgage,Rollover,958183,CHF,0.27,BBB-,30.11.2025
NIUTZSFQHM,71WYGFWEKWGP,Mortgage,Rollover,812773.16,CHF,0.33,AA,28.02.2026
GHLAUBXEEO,89EPLTQPWMIY,Mortgage,Rollover,629183.71,CHF,0.18,A,31.12.2025
GFWHVXUIZL,81ORDAHLQHPN,Mortgage,Rollover,1590156.33,CHF,0.18,A-,30.04.2026
ZHFVTQYQPH,76ZHGBJSVMYV,Mortgage,Rollover,598869.19,CHF,0.31,CCC+,31.10.2025
KVNLJRMKDR,73DWBKWSSTWD,Mortgage,Rollover,3214071.84,CHF,0.29,AA-,30.11.2025
SOKZVAVHWL,83XVUDTKINGJ,Mortgage,Fix,1621165.9,CHF,0.16,BB,31.12.2034
QWWVWWOOFB,74SEDKWVOTWY,Mortgage,Rollover,578755.54,CHF,0.32,AA,30.06.2026
XTJXGGWPGM,67JJFMTBQUQT,Mortgage,Rollover,1653395.07,CHF,0.29,AA,30.11.2025
DVVPLPVQUX,76XAQGOHKHQX,Mortgage,Rollover,332046.13,CHF,0.30,AA,30.04.2026
TQDUKKFQKZ,89RZFDVZXTMZ,Mortgage,Fix,1278752.62,CHF,0.30,AA-,31.12.2034
KNQUEZIKRZ,80XGFXEDCQTI,Mortgage,Rollover,284694.87,CHF,0.19,AA,30.04.2026
BXEYEQNMQS,77OEAAHKMULK,Mortgage,Fix,1243562.2,CHF,0.33,AA+,31.12.2034
QNOOEJLEWV,78OWSZQZOMVV,Mortgage,Rollover,796468.57,CHF,0.17,BBB,31.10.2025
AXVYRFUAVR,79FNMFAXIJWC,Mortgage,Fix,696473.98,CHF,0.21,A,31.12.2037
DXECSFYCWR,85LKPMERRIAT,Mortgage,Fix,477674.54,CHF,0.26,A,31.12.2049
GGXNGHGAXT,84CBCEFIMMKW,Mortgage,Fix,620157.91,CHF,0.26,A,31.12.2034
ESLLGPRQYH,81BDVZNVJBGQ,Mortgage,Fix,165489.46,CHF,0.17,AA,31.12.2037
MZXWXWQHFS,83ZTHZBDAHUH,Mortgage,Rollover,823804.95,CHF,0.26,A,30.09.2025
ARUYNTNCMI,65OFGXBPMACC,Mortgage,Fix,1534501.99,CHF,0.25,D,31.12.2031
DWRDVKLMSZ,72TCKCPDWCJA,Mortgage,Rollover,92138.25,CHF,0.15,AAA,31.10.2025
KZZIVCDJKB,71PQEWPGUZFV,Mortgage,Rollover,602409.64,CHF,0.28,A,31.03.2026
DDYZWXDZLL,80BPYVXEMAQY,Mortgage,Rollover,582792.19,CHF,0.22,A+,31.07.2025
DLXXYOCORQ,84JSKQIENSQI,Mortgage,Fix,911347.54,CHF,0.16,BBB,31.12.2031
LNVIAESVNB,78YNGFMGGRNP,Mortgage,Rollover,2312106.95,CHF,0.32,BB+,31.07.2025
LKUUELVENS,75MQEQFOZGEZ,Mortgage,Fix,788309.94,CHF,0.34,BBB-,31.12.2034
AZPWXZZTTT,81AVZLWEPAAV,Mortgage,Fix,1311854.19,CHF,0.19,AA-,31.12.2049
IKVTGXPPMD,65EYZCBOPJJG,Mortgage,Fix,560318.5,CHF,0.30,A+,31.12.2034
NNGCEJGCNI,88TDHJSZSEYM,Mortgage,Rollover,461201.37,CHF,0.24,AA+,31.01.2026
YHDFSPCVTV,85EQTNCSEUNJ,Mortgage,Rollover,977305.41,CHF,0.22,A-,30.11.2025
UJUYPYLFKG,88MNTQZIHKFC,Mortgage,Fix,864315.77,CHF,0.28,A+,31.12.2046
NMNSAFPRLL,73BUSTOYMSCX,Mortgage,Fix,1151080.78,CHF,0.19,AA+,31.12.2028
CREZMKYRLD,80VSXZAUCMGB,Mortgage,Fix,356206.28,CHF,0.20,D,31.12.2031
UXJXCIDOHP,90EOQHMDNPSA,Mortgage,Fix,899866.17,CHF,0.25,AA,31.12.2031
NYRMRXZDRE,79SSUYFCXZIK,Mortgage,Rollover,815653.27,CHF,0.31,A-,31.05.2026
CJZVWIBTPX,85SUSXEXLLVJ,Mortgage,Rollover,201670.12,CHF,0.32,BBB-,30.11.2025
KCIRMQNCMS,66SKZNYCYVRI,Mortgage,Rollover,1145693.95,CHF,0.33,A,30.11.2025
TAUNOOLSII,74KDKWIEZXIG,Mortgage,Fix,224095.51,CHF,0.33,BB-,31.12.2034
MBRHAVYRRS,68WHFDIFZHZP,Mortgage,Fix,1641513.76,CHF,0.23,A+,31.12.2049
NEPQBSMBXQ,89UOYWMYWYOP,Mortgage,Rollover,1553617.12,CHF,0.20,AA-,31.10.2025
ANFSPAOZRQ,73LGIJQVKTFZ,Mortgage,Rollover,295314.72,CHF,0.28,AA-,31.10.2025
RIICKDBWTF,71BPQRFZFADN,Mortgage,Rollover,519471.52,CHF,0.16,A,31.07.2025
LJQNEOGZTP,80SAHFKEYVIS,Mortgage,Fix,1008167.08,CHF,0.15,AA-,31.12.2049
JRKAMCXAES,74JKULBXKFSJ,Mortgage,Rollover,1237884.91,CHF,0.30,AA,30.11.2025
ETGTNFTAXN,70VKUFBOONSB,Mortgage,Rollover,1235661.13,CHF,0.15,A-,31.07.2025
DOSXFXJNMW,75EGOCRSKFEZ,Mortgage,Fix,834422.28,CHF,0.30,AA,31.12.2028
XTPKGFEFYG,85UWFVBKHLBS,Mortgage,Rollover,1997546.48,CHF,0.31,AA,30.04.2026
DPETGSYPMZ,81FWQPBJEUVG,Mortgage,Rollover,797071.31,CHF,0.19,B+,30.04.2026
QLGZMGLQWG,84XEGJYKKSGP,Mortgage,Fix,2867761.7,CHF,0.21,BBB,31.12.2034
UKXWVOYCOH,90ZEFEGNKJLO,Mortgage,Fix,671634.33,CHF,0.22,A+,31.12.2025
LUANMLNOFL,90WYFEJBORJZ,Mortgage,Rollover,1297947.36,CHF,0.27,AAA,30.11.2025
PCJTRXISNM,83UFSHLYLDUX,Mortgage,Fix,1776377.2,CHF,0.33,AA,31.12.2046
EZZAVVJZBI,88GYUSCAXTIL,Mortgage,Rollover,1894090.37,CHF,0.20,BBB+,30.04.2026
ODGNZEJJXB,84MCQAPTNBKX,Mortgage,Fix,447306.3,CHF,0.21,A+,31.12.2031
ZELLVMBROE,71EXNQIWXBIH,Mortgage,Rollover,543917.92,CHF,0.30,A+,31.05.2026
HMFFBBLCCQ,77BIIABYJQID,Mortgage,Rollover,2129109.55,CHF,0.34,AAA,31.12.2025
YXYRENGJRN,72JSGHPZTYKV,Mortgage,Rollover,1580725.71,CHF,0.26,A+,31.12.2025
SBZGDQHABT,81OWFMBHDIWN,Mortgage,Fix,596239.11,CHF,0.33,AA,31.12.2031
UEYUCCLIQT,82ANUBGPPHYV,Mortgage,Fix,966971.52,CHF,0.34,A+,31.12.2040
RJCUBQKTWJ,80XMUNXHAVAZ,Mortgage,Rollover,924799.7,CHF,0.18,A,31.12.2025
IWBHVLECEA,71BRDMACSACX,Mortgage,Fix,1337215.37,CHF,0.15,AA,31.12.2034
MMSUSJSWBW,87VXITHBUQDO,Mortgage,Rollover,483334.53,CHF,0.27,AA+,31.03.2026
NYALIVVECR,67NNFLYNNATZ,Mortgage,Rollover,622650.96,CHF,0.34,AA-,30.04.2026
COXTKMCCSC,86KIEDQQQVIY,Mortgage,Rollover,883065.17,CHF,0.20,AAA,30.09.2025
IRCZQSUCAV,79TCDGAMMWSP,Mortgage,Rollover,2017839.69,CHF,0.27,B,31.10.2025
IVYTNTCZZR,73DESGRWIEIW,Mortgage,Fix,1452930.82,CHF,0.23,A,31.12.2028
XERDJFEUET,88HTVAMVNFAS,Mortgage,Rollover,1038090.96,CHF,0.29,AA-,30.04.2026
DMNCQHOEXG,78SJXQQOGLYO,Mortgage,Fix,2178392.51,CHF,0.34,AA,31.12.2037
YCJZYALHRW,67MMNAQFNIVM,Mortgage,Rollover,607671.12,CHF,0.15,A-,30.11.2025
QRHEQURLLW,66PKZUOCNTLJ,Mortgage,Fix,936063.69,CHF,0.16,AA,31.12.2040
GEQONVNGMH,74XLEHQTTTQV,Mortgage,Rollover,783045.98,CHF,0.26,BBB,30.09.2025
HLVMGEUIAG,76DJHEBNFPTC,Mortgage,Rollover,1447257.8,CHF,0.23,BBB-,31.12.2025
HBGVRQVQMJ,65YJTRPINNOV,Mortgage,Fix,2377647.02,CHF,0.15,AA,31.12.2028
WUKVAVNXXW,84IXYIYTYZNF,Mortgage,Rollover,850335.79,CHF,0.25,A+,30.04.2026
ITMAZSRVIK,88NLAVGIETYO,Mortgage,Rollover,1772911.41,CHF,0.28,CCC+,31.10.2025
BVCNUPGTCP,71NVIKKHZHES,Mortgage,Fix,732959.96,CHF,0.34,A+,31.12.2028
UHEQPUCWWQ,85NFACEDNFXG,Mortgage,Fix,514438.46,CHF,0.16,AA,31.12.2049
DBKFGXZSLZ,87UAHJKFENIL,Mortgage,Rollover,2050631.53,CHF,0.18,A-,31.07.2025
NXUKJSHEFP,66WJSFVJBJOD,Mortgage,Fix,516428.41,CHF,0.26,AA,31.12.2040
WKIWNECFLF,87DHLUSMKCNY,Mortgage,Rollover,1190505.57,CHF,0.24,BBB,30.04.2026
QOXDKIZEIS,78XZJGIQLQXE,Mortgage,Rollover,697044.25,CHF,0.28,A+,30.04.2026
JTHVXDWHYF,89XBFYKXVSIR,Mortgage,Rollover,322685.19,CHF,0.15,A,31.05.2026
YEZKWTQDYN,73LRBMEUYFAM,Mortgage,Fix,977008.55,CHF,0.20,A-,31.12.2052
KXATNBRQVN,76QFXULPSJTY,Mortgage,Rollover,1657462.15,CHF,0.34,CCC+,31.01.2026
GJWJPBUKUZ,65YIRZAUGOWE,Mortgage,Rollover,713191.7,CHF,0.34,A-,31.10.2025
WGDANHUGMW,75SUOZWSVHRU,Mortgage,Rollover,433192.5,CHF,0.21,AA,31.03.2026
CRSPQZAHGE,73RLGWAZWZII,Mortgage,Rollover,770348.18,CHF,0.26,A,31.01.2026
MGCQLZKQDO,74KAVSYUBHPE,Mortgage,Rollover,169214.84,CHF,0.26,A,30.04.2026
DWUQHZTITL,69OLLTAQAHUK,Mortgage,Fix,1543498.3,CHF,0.33,AA,31.12.2037
RNDPKWJVIV,69IGJYTJATLI,Mortgage,Fix,881042.8,CHF,0.28,A,31.12.2037
LBHHLBEUTK,86BUFXBVOOEZ,Mortgage,Rollover,1332500.06,CHF,0.22,A-,30.11.2025
RHOBPUFZLI,82NQGWFBZHKY,Mortgage,Rollover,1262346.32,CHF,0.26,A-,31.07.2025
POAQXBFHAG,71JPTBQAGWKW,Mortgage,Rollover,1666056.68,CHF,0.31,AA,31.12.2025
FJUKYNYJQJ,86CKPXSPCHUO,Mortgage,Fix,795855.79,CHF,0.29,AA-,31.12.2028
BNVYOWMUYQ,81IKNVFDBRUU,Mortgage,Rollover,1960760.57,CHF,0.16,AA+,31.01.2026
RNTUYIXJNO,71XODAHMZHWQ,Mortgage,Rollover,1533279.51,CHF,0.18,AA,30.06.2026
TJGLXVRGKD,74JEPBSQIXVC,Mortgage,Fix,2007805.34,CHF,0.29,AA,31.12.2028
TNLFSJFRKR,77IWVXGDJDQV,Mortgage,Rollover,368900.39,CHF,0.27,AA,31.12.2025
MCHMTYQKLT,70FDQGOPTGNC,Mortgage,Fix,1899470.61,CHF,0.21,AA+,31.12.2028
UNDRWMQAKU,77COQPFSRWQY,Mortgage,Rollover,82652.41,CHF,0.16,A+,31.07.2025
NBJFWDTMJH,67QCWJOBHVEI,Mortgage,Fix,773160.62,CHF,0.33,A+,31.12.2025
IJEERTCPBK,90HHHXMVKRQX,Mortgage,Rollover,1759817.13,CHF,0.19,AA+,31.12.2025
YFWHOSLXZV,71BGQATRICVG,Mortgage,Fix,1685740.63,CHF,0.15,BBB+,31.12.2028
ZVNLJYRFVN,88KHZAQKUFFE,Mortgage,Fix,849512.46,CHF,0.18,A+,31.12.2028
ZVNLJYRFVN,81UMNZDJOPKR,Mortgage,Rollover,536667.88,CHF,0.29,AAA,31.12.2025
SKMBFMCHOH,75MXQLCCUESZ,Mortgage,Rollover,1655688.64,CHF,0.22,AA,31.12.2025
XWNQVEJNFP,76EAGFDRRXKC,Mortgage,Rollover,481617.25,CHF,0.27,A-,28.02.2026
DMSXKWXUZD,87EHPYLVWCFF,Mortgage,Fix,1961434.79,CHF,0.17,AA+,31.12.2043
GFNSNFLBDB,85GXFIAEJIVK,Mortgage,Rollover,897871.4,CHF,0.21,AAA,31.12.2025
SDYGLFQAML,80GKXRJUVUOA,Mortgage,Rollover,1655084.23,CHF,0.35,AA+,31.05.2026
OUCQZGUQVL,80GWEFHKCIFY,Mortgage,Rollover,290876.87,CHF,0.24,AA,31.10.2025
VOGEDJTHOH,88WWNQVBREVC,Mortgage,Rollover,98192.62,CHF,0.15,AA,30.06.2026
XHWLSPYLZU,70FVDXYPMGDV,Mortgage,Fix,224172.64,CHF,0.21,BBB,31.12.2043
RAAXQKQPYN,86WJHCSITHXZ,Mortgage,Rollover,892639.72,CHF,0.16,AA-,31.12.2025
BSHXJGGSYX,75XIOKKRUCBT,Mortgage,Fix,291972.13,CHF,0.26,A-,31.12.2025
AWOXOQTHQD,89IEGJYPNIJQ,Mortgage,Rollover,583728.35,CHF,0.29,AA,31.05.2026
TQTGSTUWOQ,74MPUXSXNTYU,Mortgage,Fix,1455305.22,CHF,0.34,AA,31.12.2043
DPBPTYQKDW,72XTROXTPHFI,Mortgage,Rollover,463677.79,CHF,0.18,AA-,31.12.2025
XDTUIPOZKA,79BZLPDTCSNA,Mortgage,Rollover,114220.45,CHF,0.29,AA,31.01.2026
SSVRLIWQBB,69IQAUQFXWVO,Mortgage,Fix,1377750.25,CHF,0.34,AA+,31.12.2025
LCKGGKCYNY,73WUELQQBIFT,Mortgage,Fix,2641096.68,CHF,0.16,A,31.12.2043
XHWLSPYLZU,69ZNHKBOMTHD,Mortgage,Rollover,1614764.38,CHF,0.33,A-,30.11.2025
KUODFEVZLV,83GGVDZQWEVX,Mortgage,Fix,586668.52,CHF,0.17,AA-,31.12.2055
VPIMHRWFEA,80UPRATDDJWP,Mortgage,Rollover,1016816.3,CHF,0.22,AA-,30.11.2025
NVJRRSVLCL,85ZCFKBUVBDO,Mortgage,Fix,327195.08,CHF,0.19,A-,31.12.2028
TAVVQYZGTL,79WBAXUDLVME,Mortgage,Fix,1421811.28,CHF,0.29,A-,31.12.2025
NLWCZNPRQR,74ZOYKOKQRHW,Mortgage,Rollover,1193092.62,CHF,0.16,BBB+,31.08.2025
SIQHEDTTJR,66SVBOQSFGYS,Mortgage,Rollover,614534.64,CHF,0.31,A,31.10.2025
UHGHQKJBOK,88AATHXMBBHA,Mortgage,Rollover,1109579.1,CHF,0.19,BB-,30.04.2026
ZWDRGRSXZT,75BFZJPKNUQU,Mortgage,Fix,1267989.74,CHF,0.32,AA,31.12.2028
SPSGNZBGNC,72KPNCBSVKDZ,Mortgage,Fix,621815.5,CHF,0.23,A+,31.12.2046
JJUVOQSPDW,76MFZBYIPTOY,Mortgage,Rollover,335709.76,CHF,0.18,AA,31.12.2025
XHWLSPYLZU,65UUDRFNZKKK,Mortgage,Fix,879303.84,CHF,0.24,AA,31.12.2046
JJVCCJGHRU,81BNHAXUHJYO,Mortgage,Rollover,1923353.47,CHF,0.35,AAA,31.05.2026
HUHUTDACJC,68JGILPRTIMO,Mortgage,Fix,570264.77,CHF,0.18,A+,31.12.2028
FGPMWUPZBW,82WUWZCVWUZZ,Mortgage,Rollover,675946.81,CHF,0.22,A,30.06.2026
WNYSUPIQVY,74EMNDFEXUXV,Mortgage,Rollover,2332862.31,CHF,0.18,AA-,31.03.2026
EBCTAFTRKY,80TJKXWLFLML,Mortgage,Fix,2296017.05,CHF,0.15,A,31.12.2046
STFPZJZOFI,87MACHQPJAPK,Mortgage,Rollover,882346.64,CHF,0.19,BB-,31.03.2026
JXQBLDZSIZ,87AZUXMCEDTT,Mortgage,Fix,1611025.69,CHF,0.21,AA,31.12.2028
HKMIKRKHUQ,80XJAZEEMGXQ,Mortgage,Rollover,1453081.89,CHF,0.19,B+,31.07.2025
SAEIXIKGJS,78DGEJEQVEVT,Mortgage,Rollover,2811796.36,CHF,0.15,A-,30.04.2026
DIOSARHOVL,83DXYFFXQKCK,Mortgage,Rollover,1774888.07,CHF,0.32,AA,31.12.2025
UBMAEDPTDF,80FAYGGOEBRR,Mortgage,Fix,411483.96,CHF,0.23,AA+,31.12.2034
XHWLSPYLZU,69WXJEHHGPKL,Mortgage,Rollover,553295.74,CHF,0.27,AA-,31.05.2026
FBRITPUGYG,81FVEJDLSSTK,Mortgage,Rollover,92153.11,CHF,0.22,BBB+,28.02.2026
GSBTRCSMTA,83DKJCBICKCX,Mortgage,Fix,403017.22,CHF,0.18,AA+,31.12.2040
GNVYIZDQYG,86LFLIRERIHQ,Mortgage,Fix,593900.3,CHF,0.33,AA+,31.12.2052
LJMFSNHJBR,70AZTFQUCRAR,Mortgage,Rollover,3065507.64,CHF,0.31,AA,30.11.2025
VIOOWFKOXF,65TDHYWITYSG,Mortgage,Rollover,981562.79,CHF,0.32,A-,30.11.2025
KULZGHCSTP,66RLKMBTNIVR,Mortgage,Rollover,504864.67,CHF,0.34,AA-,31.12.2025
QVWBPYLSCC,79ESDSUHKRKS,Mortgage,Fix,672078.35,CHF,0.18,A,31.12.2049
CAPGIIDGUQ,75IJQJUJPCPK,Mortgage,Rollover,2007453.89,CHF,0.15,A,31.05.2026
XHWLSPYLZU,71PETTLWGXJK,Mortgage,Fix,739143.21,CHF,0.33,A,31.12.2043
YVYEOKZVHE,74TBITERBCMI,Mortgage,Rollover,1435092.16,CHF,0.18,A+,30.06.2026
YMMPDRPXZI,87DBKYARZFAI,Mortgage,Rollover,1135769.18,CHF,0.19,AA+,30.09.2025
HDXYWYREFG,73UCAFKKWPHY,Mortgage,Rollover,564440.26,CHF,0.28,A,31.03.2026
FYVFLWXHDC,81RJDHTNIYWQ,Mortgage,Fix,1820230.86,CHF,0.32,A+,31.12.2031
FWMOYNIAWA,72SPUANLUDVY,Mortgage,Rollover,105946.23,CHF,0.20,A+,31.01.2026
ZHUGUFRFFZ,86QKGYTWXNBQ,Mortgage,Rollover,1706065.66,CHF,0.30,AA+,31.12.2025
MVLXTJZQJJ,86OXUKZPQJCK,Mortgage,Rollover,193358.48,CHF,0.22,AA-,30.11.2025
OLWURSMFVW,65JEWQFGZIRU,Mortgage,Rollover,754186.28,CHF,0.29,A,30.06.2026
XHWLSPYLZU,74YCZUZILPET,Mortgage,Fix,1122471.39,CHF,0.16,AA+,31.12.2034
PLABODUMUJ,90MJEIGGYAFC,Mortgage,Rollover,829497.84,CHF,0.27,D,31.03.2026
RRAVTMCGWZ,80DRIQMBCYSO,Mortgage,Rollover,1666919.78,CHF,0.24,AA,31.03.2026
TQTMGNUPPU,73YUBWNIAGDT,Mortgage,Fix,733832.75,CHF,0.17,AA,31.12.2028
SBZXWEZQKR,69HLMLSGJWQF,Mortgage,Rollover,868242.08,CHF,0.18,A+,31.10.2025
NIUZSYEWSA,67WORGMTACVA,Mortgage,Fix,520324.54,CHF,0.28,AA,31.12.2040
XAQDXZWRRM,79QSLXGOUSMT,Mortgage,Rollover,451976.27,CHF,0.20,AA+,28.02.2026
GNOBKSPPZN,86FUUELSTRMT,Mortgage,Rollover,780466.05,CHF,0.27,AA,30.06.2026
IVHSULSJPU,76AISJTZEFYI,Mortgage,Rollover,491140.55,CHF,0.32,AAA,31.12.2025
XHWLSPYLZU,75IDSUGMCHKR,Mortgage,Rollover,754763.83,CHF,0.34,AA+,31.05.2026
ZARJWWTYHQ,66QZGGLWRBEZ,Mortgage,Rollover,178174.82,CHF,0.29,A-,31.01.2026
QHYFJKEWWR,79WVGWOTORXM,Mortgage,Rollover,736408.33,CHF,0.29,BBB-,31.05.2026
EQCQCDGCLL,88WINBAEFLOH,Mortgage,Fix,400678.22,CHF,0.17,A-,31.12.2028
RFNWAWJDYR,66SUGYHMPCIF,Mortgage,Fix,224419.32,CHF,0.22,AA+,31.12.2046
XVFFLEIZSO,73ZGIBVHFZMW,Mortgage,Fix,737617.06,CHF,0.22,AA+,31.12.2025
QDJZGXNMIT,86LZQBCYMHZS,Mortgage,Fix,353772.63,CHF,0.23,A,31.12.2025
XGORTXXAIK,82FTPPKOGLRG,Mortgage,Fix,458364.27,CHF,0.28,A+,31.12.2049
FFZBBXOZQU,74ATICTAMCAX,Mortgage,Rollover,1665056.06,CHF,0.18,AA-,30.09.2025
XHWLSPYLZU,68XVKTUVFOTH,Mortgage,Fix,1507112.7,CHF,0.28,A,31.12.2037
NXZNVLTIEO,78QFLGUQBYYW,Mortgage,Rollover,660394.38,CHF,0.33,A,31.01.2026
JFSRECYOZO,67ECPOJSAGBQ,Mortgage,Rollover,960781.8,CHF,0.26,AA,31.01.2026
KBWJMQVPVO,83VFGXPLARIM,Mortgage,Rollover,712998.37,CHF,0.32,B,28.02.2026
XQHIIZZDTG,69LAEKCEUTEV,Mortgage,Fix,2471654.82,CHF,0.23,AA-,31.12.2052
HLGEKUKKWA,79ZSXLGPOHXS,Mortgage,Rollover,597248.77,CHF,0.22,A+,31.03.2026
JXYSXMRUCX,79UWKFPDVSWG,Mortgage,Rollover,59049.44,CHF,0.35,A+,31.10.2025
LQMTWJLDDV,75RYGCGLOLES,Mortgage,Rollover,677718.55,CHF,0.23,AA-,30.06.2026
IREYOFZCGD,68LTRIMQTJXO,Mortgage,Fix,380478.65,CHF,0.20,A+,31.12.2037
IVOXGKDSQB,67ONNGQUEQBL,Mortgage,Rollover,1363166.06,CHF,0.25,AA-,30.06.2026
DPAVANVQKP,68KVLTMSIVEX,Mortgage,Rollover,1736400.8,CHF,0.16,AA+,30.11.2025
SUKXSLHBIQ,84EIUPWOYKTE,Mortgage,Rollover,1038166.23,CHF,0.30,A+,30.06.2026
XHWLSPYLZU,71QVIRRMAVJQ,Mortgage,Fix,1070491.38,CHF,0.27,AA,31.12.2031
JPXGKIDLOY,82DNOGTTVXPR,Mortgage,Rollover,2378600.57,CHF,0.19,A,30.09.2025
YSPFNJDRHM,66IXAQNYKAIT,Mortgage,Rollover,1522498.59,CHF,0.26,BB-,31.03.2026
KXHAEPQYPR,87TUUFIQAKRS,Mortgage,Rollover,1091050.55,CHF,0.21,A+,31.01.2026
EUNJFBXQBU,79GOCBYJCWZK,Mortgage,Fix,594827.04,CHF,0.20,B+,31.12.2055
ZANJELZRQE,78CFMQMZGJHW,Mortgage,Rollover,1590060.48,CHF,0.34,A,31.08.2025
VPJBZKMBNE,69WDCFBHGBSH,Mortgage,Fix,598143.53,CHF,0.17,AA,31.12.2025
EXNTHQVMKB,90TCYOIZWGTG,Mortgage,Fix,768260.9,CHF,0.16,AA-,31.12.2046
MCELTGDZZS,76GQOTCXDZYQ,Mortgage,Rollover,1506871.12,CHF,0.31,AA,30.04.2026
POXGDBGCTD,71OGQOYKQCCD,Mortgage,Fix,558476.3,CHF,0.15,AA+,31.12.2049
AOYNIPPCCW,72QLGIMKKUPJ,Mortgage,Rollover,1141065.13,CHF,0.31,AA-,31.03.2026
BXQDRLFXON,86TAVRGKEUVE,Mortgage,Fix,518990.33,CHF,0.32,BBB,31.12.2040
HEQFUDHZIX,88UUAGUVCEAI,Mortgage,Fix,1715356.4,CHF,0.18,AA,31.12.2025
EXIOONEGFN,66RRQKKPHQPJ,Mortgage,Fix,895091.34,CHF,0.16,AA,31.12.2028
UBLXDKHPHP,80ZWDGZQGKMC,Mortgage,Fix,2036071.75,CHF,0.35,A+,31.12.2034
KXHAEPQYPR,73BGJJUSXLLK,Mortgage,Rollover,641543.23,CHF,0.27,AAA,30.04.2026
KXHAEPQYPR,77AFXSQEYIIU,Mortgage,Fix,663966.74,CHF,0.22,AA-,31.12.2034
PXWOCNQDSJ,76DQEEQNHOFB,Mortgage,Rollover,1735338.21,CHF,0.30,BB+,28.02.2026
YLTETULIFI,89OWQKKSBGYY,Mortgage,Rollover,971988.68,CHF,0.15,BB,31.12.2025
OONWVNWFNJ,77BERVBPAVXM,Mortgage,Fix,1872714.49,CHF,0.28,A,31.12.2028
QQRXADBXFC,69XBJBJBUULC,Mortgage,Fix,787145.34,CHF,0.18,A+,31.12.2049
ZTPILTNSTU,74AWMDZKEZWR,Mortgage,Rollover,608651.45,CHF,0.31,AA+,31.12.2025
NIPFILNLXY,86KLNKDEZEGD,Mortgage,Fix,1360669.3,CHF,0.30,A,31.12.2034
KQGVVYRRCX,83XUOSZIWSWV,Mortgage,Rollover,775891.88,CHF,0.35,A-,31.08.2025
KXHAEPQYPR,80AVEPVWGMLG,Mortgage,Rollover,340505.69,CHF,0.17,A+,31.01.2026
CPREDABAYJ,86LIZJSBWLDF,Mortgage,Fix,724017.87,CHF,0.24,AA-,31.12.2040
VTEDYLNWML,65QZWZDOCJBB,Mortgage,Rollover,1896659.33,CHF,0.15,BBB-,30.04.2026
IQBXLLHNVP,75KWIMFEURGX,Mortgage,Fix,452509.8,CHF,0.32,AA,31.12.2025
TWASLBFSTH,69VBWGRJRHTF,Mortgage,Rollover,1411160.68,CHF,0.17,AAA,31.03.2026
ZBRBIGXVGT,84YIMLKBNBGY,Mortgage,Rollover,1398825.64,CHF,0.27,AA+,30.06.2026
JCTNETFXKI,87FECEHLUWHV,Mortgage,Rollover,557418.46,CHF,0.24,A,30.09.2025
YJVHVDXHVG,78UHQKBCKMPG,Mortgage,Fix,340899.49,CHF,0.16,AA,31.12.2043
DXBMQVAOUK,78BLXBAJTJJP,Mortgage,Rollover,934493.25,CHF,0.22,A-,31.03.2026
ZCSJTVUDVA,66XSAMFEKKWT,Mortgage,Fix,1678361.25,CHF,0.15,AAA,31.12.2028
EGZXJGWYML,78KWFVYRILWZ,Mortgage,Fix,941605.49,CHF,0.15,A,31.12.2037
SLPWKUWAPQ,82ZPDNDZPDOC,Mortgage,Rollover,1462794.05,CHF,0.24,AA+,31.10.2025
TMCXMWKVGA,89JZPUFZMQJZ,Mortgage,Rollover,62487.92,CHF,0.23,A,31.05.2026
SMFUEBECDT,76MXMHCDQQCI,Mortgage,Rollover,448198.66,CHF,0.15,B-,31.07.2025
YUQGRFDTBV,79JODMQMXQPA,Mortgage,Fix,2416121.35,CHF,0.30,BB+,31.12.2028
WVYJJAAKVH,74CAXILWWGRY,Mortgage,Rollover,217777.89,CHF,0.23,D,31.10.2025
ZCNJJJEVFN,81FWLNANVRHK,Mortgage,Fix,932359.08,CHF,0.22,A-,31.12.2025
KXHAEPQYPR,68FVOPMCYWVP,Mortgage,Rollover,473146.09,CHF,0.32,AA+,30.11.2025
TNGPURUNCP,70XMBETJTXXD,Mortgage,Rollover,2513912.43,CHF,0.16,B-,30.04.2026
GENJEBGSOA,90WDNHQCLRSX,Mortgage,Rollover,785964.39,CHF,0.23,AA-,30.11.2025
DLKWSQJRXS,78WVNLISICGA,Mortgage,Fix,504060.37,CHF,0.32,AAA,31.12.2031
DKECBSBNSS,65SKNQXEZCBM,Mortgage,Rollover,1040328.47,CHF,0.27,AA,30.04.2026
YUWOOLYCZG,88LRRZMWJISH,Mortgage,Rollover,557647.52,CHF,0.18,BBB,31.12.2025
QUGFMOTVWD,89OLCMWHTKXG,Mortgage,Rollover,1331888.17,CHF,0.18,A+,31.05.2026
MGYKTUUVDG,71PTSRUNJNSK,Mortgage,Fix,677054.57,CHF,0.29,A+,31.12.2031
KXHAEPQYPR,71OBWVPFVEDB,Mortgage,Fix,100105.31,CHF,0.16,AA+,31.12.2055
ULEMVPAQBN,75OFYXAGVONY,Mortgage,Fix,478471.55,CHF,0.18,BBB,31.12.2046
AHBJVQTSBQ,89DAXXRDRIFB,Mortgage,Rollover,1885872.14,CHF,0.25,A,31.10.2025
KCZKBPJZDA,72CTEEIVDDLN,Mortgage,Rollover,1821926.02,CHF,0.18,AA+,30.09.2025
FFCGOQMZPL,68ZNCHSLCBHG,Mortgage,Rollover,1594866.52,CHF,0.17,A+,30.11.2025
SDHIMKLIEW,87IMLITZVQFM,Mortgage,Fix,1642546.39,CHF,0.32,AA,31.12.2037
UBVDGBVOUT,82OZFYSOTLIG,Mortgage,Rollover,781619.2,CHF,0.16,AA,31.05.2026
HHXOWHGIUQ,69YTOHXBIUJG,Mortgage,Rollover,374850.72,CHF,0.25,A+,30.04.2026
MJEUXJBCVL,72IQXFYSCOTO,Mortgage,Rollover,792022.38,CHF,0.26,A+,31.12.2025
YQVGMQBYVM,68GFMFWQLYKS,Mortgage,Rollover,840820.25,CHF,0.30,AA+,31.05.2026
STAZEOBDIU,75XPHKGWNUEZ,Mortgage,Rollover,943952.8,CHF,0.21,A-,30.04.2026
AWQJJSAIMX,68MAJJSAZDJY,Mortgage,Rollover,926845.24,CHF,0.23,A+,31.05.2026
KXHAEPQYPR,77YAASBZJRPA,Mortgage,Rollover,512735.88,CHF,0.28,A+,31.05.2026
KXHAEPQYPR,80GPTAWWHAVS,Mortgage,Fix,1672042.28,CHF,0.34,A+,31.12.2040
KKWECGMIFQ,84RHNUPNCLNA,Mortgage,Rollover,2399786.11,CHF,0.35,AA,31.07.2025
KXHAEPQYPR,90DGQMDOOGFL,Mortgage,Rollover,3057467.84,CHF,0.31,A-,30.09.2025
KXHAEPQYPR,86CZMEBQAKTX,Mortgage,Rollover,1592913.13,CHF,0.26,AA-,31.01.2026
KXHAEPQYPR,74WSFZANMBGC,Mortgage,Rollover,1226925.89,CHF,0.22,AA+,30.09.2025
KXHAEPQYPR,70QSLJYEXAPZ,Mortgage,Rollover,230847.92,CHF,0.32,AA+,31.10.2025
QRCYJIHLDY,88BIWYWYDLGJ,Mortgage,Rollover,1583562.36,CHF,0.29,A-,28.02.2026
KXHAEPQYPR,73UYOHSYCCPL,Mortgage,Rollover,448102.81,CHF,0.21,AA,30.04.2026
AQVAJDFWMW,78HBMFGEKOYY,Mortgage,Rollover,398303.36,CHF,0.28,AA-,31.08.2025
YSXBUDQQES,83UHHHDESDOQ,Mortgage,Rollover,539872.84,CHF,0.30,AA+,31.01.2026
TFPPHKRZPA,85UFLWWNDVVZ,Mortgage,Fix,1008150.89,CHF,0.22,A,31.12.2031
DAGHMSXTKT,73NRYOGPJVDY,Mortgage,Rollover,1839146.08,CHF,0.21,A+,31.10.2025
IPNKKEMVMQ,66XFTBTUGPWR,Mortgage,Rollover,350059.66,CHF,0.23,AA,28.02.2026
VDXEVFRYDW,90FADLPBQFML,Mortgage,Fix,1317085.95,CHF,0.22,A,31.12.2049
SFTZVMFLYB,85IYLEPXDWVT,Mortgage,Rollover,762740.17,CHF,0.33,AA,30.11.2025
EXRWKFFSSE,84QLXHOUNCDI,Mortgage,Rollover,1124161.34,CHF,0.19,AA+,30.04.2026
LVOPEJKTVR,81HEZDJFORZF,Mortgage,Fix,885172.11,CHF,0.25,AA,31.12.2055
OSEIAQVYIY,86PBTZGKWBPK,Mortgage,Fix,360753.93,CHF,0.27,BBB,31.12.2028
BDWQBMBXCZ,70CAARHLBWGY,Mortgage,Rollover,2464890.79,CHF,0.21,AA+,31.07.2025
JEHUYWUVLU,87MVPAFRWBDD,Mortgage,Fix,1324634.92,CHF,0.31,A,31.12.2025
ETFYDMRPNQ,70QCBMXTSVTV,Mortgage,Rollover,1650545.18,CHF,0.28,A,30.11.2025
UFOAQYARKP,89UHWXKEDPNO,Mortgage,Rollover,1011145.97,CHF,0.17,A,31.05.2026
FPYLZMJXMG,89RKKXTKWAJW,Mortgage,Fix,703682.22,CHF,0.16,A,31.12.2028
LGGZSRKZMD,67NCYXEGVLXV,Mortgage,Fix,955006.83,CHF,0.23,A+,31.12.2031
VMWYSAKOWA,67CUPNCGQBRP,Mortgage,Rollover,531622.03,CHF,0.26,AA-,31.05.2026
WZQDYWEVLI,81DQTRGTWNPQ,Mortgage,Rollover,194020.34,CHF,0.33,AA+,31.05.2026
WCKDJZXXRO,76PTORRKXEWA,Mortgage,Rollover,608369.37,CHF,0.17,AA-,30.09.2025
SVWRVMDEFR,74BYFIAPHAOS,Mortgage,Rollover,825255.31,CHF,0.24,A+,31.10.2025
JXAZLVTMFI,82BSZJEFMMMM,Mortgage,Fix,661845.42,CHF,0.18,AA,31.12.2028
PNYIFOZNXN,80SGFNBONJJI,Mortgage,Rollover,1109777.63,CHF,0.19,AA-,31.07.2025
ZTHXAGESKN,90XYQYJKDBVN,Mortgage,Rollover,542001.84,CHF,0.32,A-,30.09.2025
AIFIHZNQZL,77CVJUXQAQRL,Mortgage,Rollover,641968.63,CHF,0.23,BBB,30.09.2025
YPEKHALUCO,78SROXXZJISJ,Mortgage,Fix,2601462.21,CHF,0.23,A,31.12.2046
PUMMXKFZWK,90AVKPJMRFDD,Mortgage,Rollover,683205.76,CHF,0.32,A-,28.02.2026
UBHQKBHCOD,72RMEUKEDIOC,Mortgage,Rollover,571570.58,CHF,0.24,A-,31.03.2026
LWOJWJPNVV,90NXBYAZUAHR,Mortgage,Fix,120364.94,CHF,0.27,AA,31.12.2037
UAMNXBVXFU,90KSWRXFDYDC,Mortgage,Fix,1279458.05,CHF,0.28,A-,31.12.2037
SEARDMNQKT,84SCBWYQCOGE,Mortgage,Fix,1630720.67,CHF,0.20,BBB+,31.12.2034
RPWMLQFYHV,90GTGUGOIUFY,Mortgage,Rollover,584114.88,CHF,0.33,AA-,30.04.2026
FBQZSZNOXW,80RSKPDIDKHF,Mortgage,Fix,832869.54,CHF,0.24,A-,31.12.2028
PSYGXIIGKF,80RBVCGJAPGH,Mortgage,Rollover,662192.76,CHF,0.17,A+,31.10.2025
AIZRDHLPIJ,74SCVOKHBPKG,Mortgage,Rollover,2392889.7,CHF,0.17,AA+,30.06.2026
IVXLPRSIHJ,80AHKPHMPEWT,Mortgage,Rollover,797778.66,CHF,0.32,BBB,30.09.2025
UUPWJPDDTU,83LXIBAKRPJV,Mortgage,Fix,684686.04,CHF,0.28,AAA,31.12.2034
ENWAGACKIN,74EJVQERONSB,Mortgage,Rollover,1800058.07,CHF,0.28,AA,30.06.2026
KPVTLGOVIE,89OBWBEGPGHS,Mortgage,Rollover,689290.65,CHF,0.23,A+,31.08.2025
MFPLACGZNK,71BPGYLRPKZR,Mortgage,Fix,75506.96,CHF,0.18,B,31.12.2025
VOFBCYPBIX,74DUBFDXAUDQ,Mortgage,Rollover,688573.94,CHF,0.31,A-,31.03.2026
QKFIEWLUXO,80ORIBGVYYMC,Mortgage,Rollover,1087699.67,CHF,0.35,BBB,31.12.2025
JFEDHXFIFB,86VJSKPDHADG,Mortgage,Fix,848696.27,CHF,0.25,A+,31.12.2028
AUJXGYANFP,83PTRYUXISZA,Mortgage,Rollover,1113165.71,CHF,0.21,A,31.07.2025
TPNJRHQNSX,81ZMRIVNZEML,Mortgage,Rollover,2125694.79,CHF,0.15,BBB+,31.01.2026
RCLYGKKIKJ,70REFJWSHEDM,Mortgage,Rollover,1755853.53,CHF,0.22,AA,31.10.2025
UCWSISGKMP,65EADCWYBWLV,Mortgage,Rollover,403505.04,CHF,0.35,AA,31.01.2026
PVLBWOQLZF,89UUAXVBFONM,Mortgage,Fix,1206343.51,CHF,0.32,AA-,31.12.2055
LKNPIROFPQ,82POKHFGZQAB,Mortgage,Rollover,271431.51,CHF,0.31,A,30.06.2026
EEPFKQOJAP,89QPTNUDTCXQ,Mortgage,Rollover,1009758.8,CHF,0.24,B+,30.04.2026
USKQOZFVFX,74GLPPISDATI,Mortgage,Fix,459217.98,CHF,0.25,AAA,31.12.2052
FWKBSKPIQE,69WFHWXEGAVS,Mortgage,Fix,297999.77,CHF,0.22,BBB,31.12.2043
QTDPWEEIKG,85GQLHLDNEQF,Mortgage,Rollover,1095330.33,CHF,0.20,A,30.06.2026
XBJSNSSUTX,69MXPRENWKPA,Mortgage,Rollover,1847870.56,CHF,0.30,AA,30.11.2025
TUKMLDKDOV,79VSWRZZEPEO,Mortgage,Fix,639265.69,CHF,0.29,A-,31.12.2031
MKFZSNFAIB,68GEXAASNIDN,Mortgage,Rollover,549416.03,CHF,0.25,AA-,31.10.2025
SOTVLCTPYF,84YTGOYXQZVE,Mortgage,Rollover,2440363.98,CHF,0.20,AA-,31.08.2025
VSRUGLUVBL,88LYTIGOSPAG,Mortgage,Fix,1002323.45,CHF,0.19,BBB+,31.12.2031
GRQJWFXEGO,85LUJZHIGBBT,Mortgage,Rollover,1589397.3,CHF,0.35,A-,31.03.2026
TOYIUNPAUW,76CMWXJINZIW,Mortgage,Rollover,780446.63,CHF,0.33,A,31.12.2025
JJZPWGZPIK,66MYWRZWILOS,Mortgage,Rollover,2351386.49,CHF,0.35,AA-,31.12.2025
VQTEKDXMIC,84JRKGUOKVDL,Mortgage,Fix,323344.95,CHF,0.16,AA+,31.12.2028
KHAYYIAMPH,87DYXWVEFXYB,Mortgage,Fix,430728.85,CHF,0.27,A+,31.12.2037
QWAHNSQOSG,86HFBWIQQZSV,Mortgage,Rollover,1754990.54,CHF,0.25,A+,30.11.2025
GUFUUPZDNV,72QWKBFBVXPE,Mortgage,Rollover,705360.1,CHF,0.22,A+,30.04.2026
GKRRNPISTA,73HTPUJBYOZH,Mortgage,Fix,133621.72,CHF,0.34,AA-,31.12.2040
BYGWPJMYCA,85QLSLCJOZEX,Mortgage,Fix,672585.09,CHF,0.24,A-,31.12.2031
SWUOWRXZQY,77YLHDXSFDTM,Mortgage,Rollover,448216.5,CHF,0.19,AA+,30.11.2025
ATKYUEVFVP,86EMIPEBHFOM,Mortgage,Fix,463304.28,CHF,0.17,BBB+,31.12.2037
UKZAMBZDCD,73OMFMODUJXS,Mortgage,Rollover,1264217.41,CHF,0.33,AA,31.12.2025
FXIJWAKHAA,86ILLKVKTQUD,Mortgage,Fix,990983.07,CHF,0.29,A+,31.12.2043
KMJEQDZPDG,80UWLPLSGAWY,Mortgage,Rollover,579612.25,CHF,0.24,A+,31.07.2025
HXZDFOFRBD,87PGTSLCMWPK,Mortgage,Fix,1261309.55,CHF,0.26,A+,31.12.2028
XGYUEYMEME,78VXYKICAJIE,Mortgage,Rollover,315830.77,CHF,0.21,AA-,30.11.2025
EVJLKZEBWO,76UXUHGAMDZI,Mortgage,Fix,2273808.31,CHF,0.25,A+,31.12.2031
CMRHABPYWZ,82BYQKQNLPMI,Mortgage,Fix,1152013.32,CHF,0.27,AA,31.12.2046
ILZPZFMQUO,77CRHYLQCNVS,Mortgage,Rollover,1157134.67,CHF,0.15,BBB,30.04.2026
KABDSXYLDU,73MJBZDTBCRZ,Mortgage,Rollover,1815484.6,CHF,0.16,AA-,31.12.2025
PAKZBDPIVE,70IRDJRSNUZF,Mortgage,Rollover,732277.65,CHF,0.19,AA,30.11.2025
IYAHGOSAQW,76UUKYQGPZTT,Mortgage,Fix,1184812.91,CHF,0.21,AA+,31.12.2037
BQFFTCHNQM,80RFAZCHTRXG,Mortgage,Rollover,2991552.75,CHF,0.23,A+,28.02.2026
ZXILINPNAL,78QLIANYYBNF,Mortgage,Fix,1552215.17,CHF,0.16,AA-,31.12.2025
ZXILINPNAL,83RXVTMLNJRP,Mortgage,Rollover,875047.89,CHF,0.30,AA-,31.01.2026
ZXILINPNAL,71AVRPVLLHIL,Mortgage,Rollover,492027.33,CHF,0.22,AA,31.05.2026
TNQMIGGFNC,65GFJKVFZMQG,Mortgage,Fix,2144804.99,CHF,0.29,BBB,31.12.2028
SLEJWBPSRJ,71NVAQLCMBPV,Mortgage,Rollover,332111.18,CHF,0.19,A+,31.01.2026
GBLJGSRJUB,90PPDVIYUDGU,Mortgage,Rollover,893982.25,CHF,0.32,BBB+,31.10.2025
NFEWNARHNS,80HAEREKGMXP,Mortgage,Rollover,494784.63,CHF,0.27,AA,31.03.2026
DGPFJKPZER,71NBPOSUJWKY,Mortgage,Rollover,318582.53,CHF,0.20,AA-,31.01.2026
NWWHQADCRT,67XCQYUEQWFZ,Mortgage,Rollover,792646.97,CHF,0.27,BBB+,31.08.2025
ANQZYOAZXG,72LOLRYNBDEE,Mortgage,Fix,717265.92,CHF,0.29,BBB,31.12.2028
JOMAGBWWPB,70OWAHKKNLJW,Mortgage,Rollover,1953969.06,CHF,0.31,AAA,30.09.2025
CRLABUADLE,77IRTUPDJPSV,Mortgage,Fix,858946.37,CHF,0.30,AA+,31.12.2040
RWGDOQFJRB,74ACWRGDETFV,Mortgage,Fix,1058721.17,CHF,0.32,AAA,31.12.2028
SRVAWCMHCK,65BOKCRGQOPE,Mortgage,Fix,1653005.3,CHF,0.19,AA-,31.12.2046
NJFZNGZTOU,65YGZVNHZQXT,Mortgage,Fix,628871.97,CHF,0.28,AA+,31.12.2043
QHVJPUZUOS,65PEICWJWABE,Mortgage,Fix,302515.87,CHF,0.15,A,31.12.2055
WAFFXZNWKR,83APRNVHOZVU,Mortgage,Fix,1003083.3,CHF,0.33,AA,31.12.2031
PFFCPHLWPD,77IHOQCNKOIQ,Mortgage,Rollover,1086152.84,CHF,0.20,A,31.01.2026
VKADZFEHWW,87BYFBMDQNME,Mortgage,Rollover,975116.56,CHF,0.32,AA-,31.07.2025
QPDUOSOZEW,85ZNMGQAYQDO,Mortgage,Rollover,712354.16,CHF,0.32,AA+,30.04.2026
LMXJLPXRQI,83COLEAYVJXH,Mortgage,Rollover,497462.2,CHF,0.18,AA+,31.10.2025
NTAKXBPEIC,67OESKUYZEVC,Mortgage,Rollover,953026.72,CHF,0.27,A+,31.12.2025
NVMMFGWROR,82TBHWYOBTLR,Mortgage,Fix,381762.52,CHF,0.20,AA-,31.12.2046
EODEPQGZNX,75UALQJHKWJQ,Mortgage,Fix,791207.59,CHF,0.22,BBB+,31.12.2028
CFGDRSIOVN,86IQGGKCCAEZ,Mortgage,Fix,554299.64,CHF,0.26,AAA,31.12.2040
PZPFRFGXXM,70RJDPNQWRVY,Mortgage,Rollover,559549.56,CHF,0.16,A+,31.05.2026
HGFBDADXFZ,69ASJHTRPANY,Mortgage,Rollover,228531.25,CHF,0.34,AA,30.09.2025
UBZQNSLFJN,66AHTCCNBPTC,Mortgage,Rollover,2200311.48,CHF,0.19,A-,28.02.2026
ZSHZQYEWTI,79DKZAUJXYBW,Mortgage,Fix,1251246.35,CHF,0.31,A+,31.12.2049
OOSDTUIHTG,73BOHCPEPNKM,Mortgage,Rollover,2343181.49,CHF,0.19,AA+,31.08.2025
ADEPGTPWFY,77UBKGIACEXN,Mortgage,Rollover,234462.05,CHF,0.24,A-,30.04.2026
VXRODJQXCW,79IAYUUAZVVE,Mortgage,Rollover,1848460.77,CHF,0.23,CCC+,31.10.2025
OSGXKBFLKI,65YVMOIDQQRU,Mortgage,Rollover,246917.01,CHF,0.30,BB-,28.02.2026
KJJJCXQIFU,67ABURKCLJTF,Mortgage,Rollover,1058688.7,CHF,0.30,AA+,30.04.2026
ZXILINPNAL,69MHGTWKRCPM,Mortgage,Rollover,1252485.5,CHF,0.16,AA+,31.03.2026
EAGBIMKFQZ,84KUPKCMWKKY,Mortgage,Rollover,387279.58,CHF,0.29,A+,30.06.2026
CATVCCUFMF,75BUIJXPNONX,Mortgage,Rollover,3394933.15,CHF,0.22,A-,28.02.2026
SBTVYLRSHG,78NZVSQWUKFX,Mortgage,Rollover,977502.35,CHF,0.17,AA-,30.09.2025
ZLWEWNXNZX,67AWXROAGCQE,Mortgage,Rollover,658470.66,CHF,0.33,AA,31.03.2026
XDYOZICYMM,81ZUQITQVIOY,Mortgage,Fix,1162837.07,CHF,0.19,A+,31.12.2046
QPPKRXVPEL,90BUVRZNQVDL,Mortgage,Fix,53236.94,CHF,0.19,A-,31.12.2049
IDFSNKIXOY,86WVARMXDBPY,Mortgage,Fix,1913072.13,CHF,0.15,BBB,31.12.2031
JCFGKBQDHZ,86XZATOZWSHG,Mortgage,Rollover,2313099.46,CHF,0.20,A,31.08.2025
ZEIRPQNWSS,75ZTKLBNGQAZ,Mortgage,Rollover,1190030.64,CHF,0.32,AA,31.01.2026
SJDXMLOSUJ,66HHUJIPRVUT,Mortgage,Rollover,2369485.28,CHF,0.32,A+,28.02.2026
YIHILIXQUN,83OZFGVVUNCJ,Mortgage,Fix,420215.74,CHF,0.31,A+,31.12.2049
BSOOBLCGOL,87NLHJXZOMYB,Mortgage,Fix,866373.68,CHF,0.29,AA+,31.12.2040
EPIUFYJJVK,72WSEPGIAYMY,Mortgage,Rollover,2528061.48,CHF,0.27,AA+,31.12.2025
MODZCOYSZE,69NTWNFWRBPG,Mortgage,Rollover,420741.16,CHF,0.18,AA+,30.09.2025
HFJKMCYKDW,78UJCZVYJKRZ,Mortgage,Rollover,342423.71,CHF,0.29,A-,31.03.2026
MQBKUVPELO,89MMULDTOOBH,Mortgage,Rollover,1323631.86,CHF,0.35,A,31.07.2025
UVKMGCNDJZ,71WAQNSXVFFW,Mortgage,Rollover,958305.4,CHF,0.15,BBB,30.09.2025
SNINETVOIU,89VMDPUPTZTV,Mortgage,Rollover,1638514.54,CHF,0.25,AA-,30.09.2025
NRYVFUMUZV,67TPUYVIFGBT,Mortgage,Rollover,606971.19,CHF,0.30,A,31.07.2025
KRCXSXPCGT,72YBWPBLRZQR,Mortgage,Fix,2022992.27,CHF,0.35,A,31.12.2037
TONSMQLBDM,68MOUXONFJRO,Mortgage,Rollover,1610271.44,CHF,0.25,A,31.05.2026
CJMNBEFCJG,68KQXXLSHUUO,Mortgage,Rollover,601117.32,CHF,0.32,AA+,31.10.2025
OKFZGWQXQJ,79LUCRAGNQOT,Mortgage,Rollover,179478.9,CHF,0.19,A-,31.05.2026
YIEZECTMMS,89GCOKULWCRA,Mortgage,Fix,339353.96,CHF,0.23,AA,31.12.2034
SVXEYJQGKE,77FVKYHLMWSS,Mortgage,Rollover,687634.61,CHF,0.32,A,30.06.2026
AXPTNDIWHE,81RGVANAGIJO,Mortgage,Rollover,1655971.39,CHF,0.26,BBB+,31.03.2026
GIIJMCGGWW,66WWXTLHISYJ,Mortgage,Rollover,468389.44,CHF,0.21,A,30.06.2026
LOUVGGPQFU,79DCAIYHWMOV,Mortgage,Fix,1204540.3,CHF,0.22,AAA,31.12.2028
VCENKGJLNM,81IBGDXQLWDB,Mortgage,Rollover,1970936.08,CHF,0.21,A,30.09.2025
CDZFETMFYC,69PLSTLZVIUD,Mortgage,Rollover,2126149.4,CHF,0.34,A,30.09.2025
NBYZPFQVFA,79TTTZMLNCYB,Mortgage,Fix,1106253.07,CHF,0.35,A,31.12.2031
IRCXPNWQEG,75OLRUMKXZLT,Mortgage,Rollover,605217,CHF,0.19,A-,31.12.2025
OPRQQKGQRS,86BZBIKPAWOW,Mortgage,Fix,1093567.82,CHF,0.17,AA-,31.12.2028
FYPUKEWHYP,83UUMMTYOOXU,Mortgage,Rollover,1641276.75,CHF,0.19,A+,31.12.2025
JGCCXHWTJB,73LFPIEAJNIZ,Mortgage,Fix,467433.77,CHF,0.35,A,31.12.2028
GHSXESZWDE,69ZVNOMGQZWW,Mortgage,Rollover,434618.88,CHF,0.33,A-,31.07.2025
FXOLFGYLWJ,65OUANKANDXQ,Mortgage,Rollover,2894815.6,CHF,0.21,A,30.06.2026
AIXQXDPLBR,70CPSCAXBYMO,Mortgage,Fix,363091.7,CHF,0.33,A,31.12.2037
RNEIHDKDSE,68EYSTCNPPBV,Mortgage,Rollover,1803962.46,CHF,0.20,A-,31.07.2025
ITHDDLGXEV,79MJHVGALOPD,Mortgage,Rollover,376804.77,CHF,0.16,BBB-,30.06.2026
YFOCVUWEOA,76UWSDKKGRRJ,Mortgage,Rollover,459181.71,CHF,0.20,AA-,31.08.2025
SDXBCLLNFY,67DIRKSXLHKZ,Mortgage,Fix,1340013.89,CHF,0.32,BB+,31.12.2028
TPARWXTYVH,71CDCPBTLMSR,Mortgage,Rollover,410107.79,CHF,0.19,AA-,31.12.2025
UJVBWOTFBB,84WJSKIPIFDD,Mortgage,Rollover,696471.52,CHF,0.31,AA+,31.01.2026
DHSGZEMJII,82MNGYTXXHFA,Mortgage,Rollover,289324.27,CHF,0.23,BBB,30.06.2026
MWYLSPLFDT,71SWYIYOWMSJ,Mortgage,Rollover,990446.8,CHF,0.34,AA,31.01.2026
NMBZVXMJPC,84HOJUMYNWOZ,Mortgage,Rollover,666480.4,CHF,0.17,A+,31.01.2026
OPAKBWZYMW,80EBKUPJFGBS,Mortgage,Fix,1207846.89,CHF,0.30,AAA,31.12.2046
RXNMQUDIKU,74RURPCEPSCB,Mortgage,Rollover,723610.54,CHF,0.24,BBB+,31.03.2026
FZVNFBLRNT,77FQUDCIVIED,Mortgage,Rollover,1132666.54,CHF,0.20,B-,31.03.2026
PSZOHHFJMJ,79YRQWXTAETM,Mortgage,Rollover,782073.91,CHF,0.23,AA,30.04.2026
ADXFYVMDFJ,76DAJGHVYDOP,Mortgage,Fix,1547382.57,CHF,0.31,AA-,31.12.2046
KIEODWIGPP,80GYVKXJZCKZ,Mortgage,Rollover,691010.01,CHF,0.16,BBB,31.10.2025
KIEODWIGPP,83YUQUCZLHLA,Mortgage,Fix,1053898.38,CHF,0.26,A+,31.12.2040
VWRNZKBNJJ,83YVWDAHZSSR,Mortgage,Rollover,905924.33,CHF,0.23,B,31.10.2025
TRAOTNHRWX,70XCGRCJMUBP,Mortgage,Rollover,468730.1,CHF,0.17,AA-,31.03.2026
WDLTFFQDLK,86IWFFVWCCMH,Mortgage,Rollover,649450.97,CHF,0.35,A+,31.10.2025
LVDXTWFKUB,75KAVPJGJNEK,Mortgage,Rollover,195738.91,CHF,0.20,A+,31.01.2026
XFUQHGFNJU,75JRAJUICSPL,Mortgage,Rollover,2616336.99,CHF,0.31,A-,31.07.2025
AYBIYWFOEK,87LWMINJNDST,Mortgage,Rollover,1435564.9,CHF,0.34,AA-,30.09.2025
HUBBAYMRIF,88ICNCLKKBYG,Mortgage,Rollover,1561137.54,CHF,0.34,AA-,30.09.2025
ZGKXOBYFGO,65INIPXVKSML,Mortgage,Fix,1624358.78,CHF,0.26,A-,31.12.2040
KIEODWIGPP,83LOHVEZNTCD,Mortgage,Rollover,742881.55,CHF,0.35,A,30.09.2025
IPIJHNBNAB,84BTOVGLUFDK,Mortgage,Rollover,382387.88,CHF,0.33,A-,31.10.2025
EPMLNAUTUK,71MUPRYXXGYD,Mortgage,Rollover,1045705.18,CHF,0.16,A+,31.10.2025
CUWPWFXHDK,86FOSVASCUWN,Mortgage,Rollover,1204307.52,CHF,0.32,A-,31.01.2026
XPNHGNQIQU,71TNMHOLZLMQ,Mortgage,Fix,1723976.8,CHF,0.24,BBB-,31.12.2040
LGHTTJSYOR,84IIESUUPWBW,Mortgage,Rollover,826597.8,CHF,0.29,A+,28.02.2026
TCMOHRWKMV,65DONPVDLOGD,Mortgage,Fix,1575420.55,CHF,0.28,BBB-,31.12.2028
DPJKHNGJGD,65GRFAANYRJU,Mortgage,Fix,906889.39,CHF,0.27,BBB+,31.12.2034
KEMYAZJAFM,66HEROUBKBKB,Mortgage,Fix,865417.25,CHF,0.27,BBB,31.12.2028
DAHABQRGTW,81BRAEMFAVBI,Mortgage,Rollover,454321.72,CHF,0.34,BBB+,30.11.2025
TNXRPMHIYV,66FRPXWMESZD,Mortgage,Rollover,564675.62,CHF,0.32,AA,31.03.2026
FLNZIEBVSB,68QSLXMIPLZD,Mortgage,Fix,609109.09,CHF,0.30,A+,31.12.2049
KIEODWIGPP,65FLRXDKWLME,Mortgage,Rollover,434699.17,CHF,0.30,A+,30.04.2026
SOSCTQYKAH,79KEVKCIJIKG,Mortgage,Rollover,584465.57,CHF,0.24,D,31.08.2025
RGOQVUKIPQ,68KDJRGTNLJO,Mortgage,Rollover,251290.58,CHF,0.19,AAA,31.03.2026
JGDKQQIYXN,90JHYEIKREPF,Mortgage,Fix,1331154.36,CHF,0.26,A,31.12.2037
PEUTPKPSHN,78EDZXVIJNZM,Mortgage,Fix,968654.88,CHF,0.26,A+,31.12.2031
MEWPBADXZJ,83DYBNKISYKK,Mortgage,Fix,440890.49,CHF,0.35,A,31.12.2037
NJTZQVWZTX,83LHWLLSPNMV,Mortgage,Rollover,1835896.56,CHF,0.21,AA,31.08.2025
SRLJFYVAGQ,66AZVANZUKMW,Mortgage,Rollover,737204.84,CHF,0.33,AA,30.09.2025
TXXIEYATYP,87ZGONPELFOI,Mortgage,Rollover,818027.76,CHF,0.24,BBB+,31.12.2025
TCOLZEACKJ,81NWBLEAWLNY,Mortgage,Rollover,841666.16,CHF,0.25,AA,31.01.2026
IGBRZNDXTW,75BHWLZIYCER,Mortgage,Rollover,795578.17,CHF,0.29,A-,30.04.2026
IMSNULMCMR,82TXGFUZKIQO,Mortgage,Fix,604256.81,CHF,0.33,AA-,31.12.2037
YVOCJGMRUW,78EFSGALPHAR,Mortgage,Rollover,584495.61,CHF,0.20,AA,31.12.2025
ZBIKPWDBCJ,90ZZHZLXVJLR,Mortgage,Fix,1011026.23,CHF,0.28,A-,31.12.2028
RNMQNEQHEZ,69HSKLFMLYAG,Mortgage,Rollover,1459936.03,CHF,0.28,AA-,31.07.2025
SAMAGAYSXV,75WJJUMFPLNL,Mortgage,Rollover,635522.73,CHF,0.29,AA+,31.07.2025
YVOCJGMRUW,66IHEITEUXNB,Mortgage,Rollover,682754.64,CHF,0.30,A+,31.01.2026
XYMJUMXWPF,85EGKSKQEQOI,Mortgage,Rollover,1945438.85,CHF,0.25,BB+,28.02.2026
NKQZLBOSJW,74BRHIRXXCDK,Mortgage,Rollover,1008138.96,CHF,0.34,BBB,31.03.2026
UYKSWHNIMA,76WDYDGHHBWJ,Mortgage,Rollover,456719.12,CHF,0.19,AA-,31.01.2026
YVOCJGMRUW,82QWOUPBNMAM,Mortgage,Rollover,1745270.1,CHF,0.20,AA,31.08.2025
KIRJTOQKWZ,72WEMLXMTGAB,Mortgage,Fix,636983.72,CHF,0.17,AAA,31.12.2031
AQFWJVAPAX,89NOTOWHEDRN,Mortgage,Fix,2849756.15,CHF,0.28,AA,31.12.2028
KNOHQSCZOS,89EUWHSICPVF,Mortgage,Rollover,787644.47,CHF,0.25,CCC-,31.03.2026
VVLESBESHW,89SQMSKLRMDD,Mortgage,Rollover,1444652.91,CHF,0.33,AA-,31.08.2025
TGRJSSHRTR,90IJWBCHVFAB,Mortgage,Fix,791414.56,CHF,0.33,AAA,31.12.2028
BCSMMBXLKU,78ZKJCJMSCJN,Mortgage,Rollover,227565.18,CHF,0.18,AA-,31.07.2025
FMGFTORCTP,87ESRMGPKFAM,Mortgage,Rollover,308953.72,CHF,0.17,BBB+,30.04.2026
GSFQAPYWTZ,67ONFWSFQZQW,Mortgage,Fix,945793.48,CHF,0.17,AA,31.12.2055
FWPOEYKBAH,87IOVHECAGKM,Mortgage,Rollover,884857.48,CHF,0.27,AA,31.07.2025
NVPIAJIJII,79XZCPOMNXKA,Mortgage,Rollover,175946.46,CHF,0.26,AA+,31.12.2025
OVSYEWGSOR,75OVDLJCDUOP,Mortgage,Rollover,870675.28,CHF,0.18,A,30.06.2026
IGTIJYQGUY,80SNNOODPAZP,Mortgage,Rollover,1319300,CHF,0.19,A-,30.11.2025
RICNEELAID,85CUOZZCTWPQ,Mortgage,Fix,606308.21,CHF,0.19,AA-,31.12.2037
RICNEELAID,85CUOZZCTWPQ,Mortgage,Fix,348335.83,CHF,0.26,BBB-,31.12.2052
RICNEELAID,85CUOZZCTWPQ,Mortgage,Rollover,78292.64,CHF,0.22,BB-,31.01.2026
